date,ticker,call_wall,put_wall,gamma_flip,gamma_magnet,gex_source,gex_net,gex_net_chg5,dist_call_wall_atr,dist_put_wall_atr,above_flip,max_pain_nearest
2026-08-06,AAPL,320,310,302.63,310,oi,1220017.8,544539,0.776,0.246,1,305
2026-08-06,ADBE,265,260,252.01,265,oi,68273.1,1795.1,0.366,0.018,1,225
2026-08-06,ALAB,335,325,322.59,335,oi,11616.2,4593.6,0.099,0.184,1,240
2026-08-06,AMD,500,487.5,482.48,500,oi,22037.6,-2519.2,0.267,0.044,1,410
2026-08-06,EYPT,,,,,,-53958.1,16623.7,,,,12.5
2026-08-06,FSLR,410,230,237.5,410,oi,81575.7,49090.6,13.516,1.152,1,240
2026-08-06,QQQ,730,710,717.49,730,oi,-1308.7,966831.9,1.02,0.309,0,700
2026-08-06,SPY,775,756,769.64,775,oi,560325.5,3596116.6,0.695,1.356,0,750
2026-08-10,AAPL,320,307.5,304.79,320,oi,584843.8,-21758.8,1.243,0.08,1,310
2026-08-10,ANET,200,190,192.3,200,oi,49690.1,6768.2,0.766,0.137,0,190
2026-08-10,ARM,310,130,267.58,310,oi,21097.8,35361.5,1.793,5.864,1,270
2026-08-10,ASML,,,,,,1918.9,2809.1,,,,1680
2026-08-10,NFLX,100,75,73.62,65,oi,335582.3,1413.8,10.706,0.582,1,71
2026-08-10,NVDA,225,210,218,225,oi,3263628.9,1502205.7,0.934,0.947,0,210
2026-08-10,QCOM,220,155,162.96,150,oi,42088,173749.4,7.395,0.917,0,165
2026-08-10,QQQ,730,716,720.81,730,oi,477306.5,754219.1,0.641,0.342,1,705
2026-08-12,AMD,485,480,472.28,485,oi,95761.2,45083.5,0.059,0.083,1,470
2026-08-12,ASTS,100,72,70.63,100,oi,408965.1,79527.4,4.696,0.422,1,70
2026-08-12,INTC,101,100,97.63,100,oi,1238628.9,168004.6,0.007,0.13,1,100
2026-08-12,LITE,1000,870,884.33,1000,oi,1189.3,-1319.7,0.757,0.7,1,845
2026-08-12,NFLX,75,74,73.69,75,oi,647731.1,-500279.9,0.36,0.096,1,72
2026-08-12,NVDA,225,220,217.01,225,oi,3866201.7,280824.2,0.116,0.522,1,210
2026-08-12,ORCL,160,150,144.05,150,oi,504213.9,72908.1,0.886,0.433,1,133
2026-08-12,SNDK,1500,1300,1346.28,1300,oi,2503.9,491.1,0.949,0.27,0,1300
2026-08-14,ARM,280,275,272.58,280,oi,45907.2,-7915.2,0.025,0.197,1,270
2026-08-14,BE,250,225,232.53,225,oi,124795.2,50649,0.76,0.187,0,220
2026-08-14,CRDO,,,,,,22435.3,-723.2,,,,220
2026-08-14,HOOD,96,95,91.52,96,oi,710788.7,-99899,0.092,0.117,1,93
2026-08-14,MU,1000,970,967.35,970,oi,84521.7,49165.2,0.378,0.022,1,900
2026-08-14,PLTR,175,170,162.76,175,oi,853751.3,-188884.6,0.1,0.421,1,150
2026-08-14,TSM,450,425,437.19,425,oi,183956,42495.3,1.682,0.096,0,410
2026-08-14,WULF,17.5,11,17.15,17.5,oi,2092494.6,-219710.6,0.073,3.877,1,18
2026-08-18,AAOI,200,100,131.2,200,oi,22275.4,2108.1,3.872,1.773,1,136
2026-08-18,APP,350,70,316.57,300,oi,-19217.9,-912.6,1.958,10.867,0,335
2026-08-18,CIFR,20,7,17.39,20,oi,1528407.7,416256.7,1.561,3.636,0,17
2026-08-18,GLD,420,392,398.35,420,oi,1329052.7,146093.7,3.067,0.937,1,390
2026-08-18,HOOD,100,37,95.67,100,oi,248470.6,-109821.3,1.894,12.192,0,94
2026-08-18,INTC,110,70,99.25,110,oi,509663,119131.5,2.003,4.015,0,104
2026-08-18,SLV,60,56,57.46,60,oi,4472973.8,55455.6,1.463,0.823,0,54.5
2026-08-18,SPY,780,641,773.18,765,oi,-1323704.3,-2665699.6,1.723,17.357,0,762
2026-08-20,ARM,310,130,256.71,250,oi,-19549.7,-49318.2,3.006,6.122,0,267.5
2026-08-20,DASH,,,,,,50748.6,-5238.6,,,,210
2026-08-20,GLD,420,415,398.28,420,oi,1700074.1,459141.4,0.633,0.035,1,391
2026-08-20,GLW,160,141,157.76,150,oi,-54307.5,-103219.5,0.794,0.97,0,162.5
2026-08-20,IBIT,42,40,37.26,40,oi,12075098.2,9283620,0.859,1.289,1,36.5
2026-08-20,INTC,110,70,95.79,90,oi,-148606,-1048672.1,3.017,3.736,0,101
2026-08-20,IWM,305,232,302.08,295,oi,-2971141.1,-3730195.4,2.16,19.351,0,302
2026-08-20,SPY,800,641,769.01,765,oi,-1785118.6,-4596139.6,5.829,18.951,0,763
2026-08-24,BABA,130,106,120.93,130,oi,317498.6,-160497.9,2.648,2.863,0,117
2026-08-24,MRNA,200,135,137.69,120,oi,13066.7,-253865.9,3.598,0.229,1,120
2026-08-24,NVDA,230,195,211.99,230,oi,1682289.1,-1793997.9,3.655,2.29,0,215
2026-08-24,PSKY,12,9.5,10.47,12,oi,-28291.7,-594425.7,3.886,2.002,0,9.5
2026-08-24,QQQ,730,584.78,710.87,700,oi,-724886.9,-1763669,2.725,13.986,0,715
2026-08-24,SLV,70,60,60.6,50,oi,3816326.9,-901787.4,4.33,1.221,1,57.5
2026-08-24,WDC,600,425,427.32,440,oi,-8636.2,-15265.7,4.099,0.258,1,515
2026-08-24,XLI,195,167,179.09,175,oi,-341990.9,-265964.9,7.58,5.685,0,182.5
2026-08-26,AMD,500,480,477.56,500,oi,58796.5,22761.3,0.96,0.047,1,480
2026-08-26,GLD,430,410,420.88,430,oi,1834083.7,330824.8,1.173,1.53,1,412
2026-08-26,MSFT,500,495,477.58,500,oi,639783.2,-14578.4,0.398,0.15,1,495
2026-08-26,MU,1000,910,937.52,1000,oi,34788.8,-18831.3,1.204,0.555,1,925
2026-08-26,NVDA,230,164,207.82,230,oi,2200976.3,-1073469.7,3.74,8.396,1,210
2026-08-26,SLV,70,60,60.69,70,oi,4444254.2,-117032.7,4.859,0.919,1,61
2026-08-26,SNOW,340,310,317.76,340,oi,23795.8,-18067.1,2.044,0.446,0,320
2026-08-26,SPY,780,767,765.93,765,oi,-1393804.6,-1057863.7,2.914,-0.193,1,771
2026-08-28,AMAT,600,175,476.88,460,oi,-14016.9,-7390.5,5.989,12.411,0,525
2026-08-28,AMZN,275,265,256.86,265,oi,842758.8,-216896.6,1.476,0.246,1,257.5
2026-08-28,GLD,430,405,409.12,408,oi,1795935.6,-274009.6,2.753,0.507,0,414
2026-08-28,IWM,310,269,300.25,295,oi,-2754752.4,-358488.1,5.165,9.696,0,300
2026-08-28,MRVL,250,85,222.49,217.5,oi,-51394.9,-281376.2,2.02,7.964,0,227.5
2026-08-28,MSFT,550,510,492.51,510,oi,816186.4,165226.3,3.733,0.361,1,482.5
2026-08-28,NVDA,220,215,218,220,oi,5554998.9,3027767.2,0.356,0.371,0,215
2026-08-28,TSM,420,417.5,415.58,400,oi,176200.4,14516,0.237,0.002,1,425
2026-09-01,BNO,60,55,54.52,60,oi,614757.5,-29525,3.037,0.383,1,50
2026-09-01,GLD,430,373,404.71,430,oi,539908.3,-1455035.3,4.128,2.948,0,400
2026-09-01,IWM,310,213,297.47,290,oi,-5836840,-3244837.4,6.602,26.358,0,290
2026-09-01,MRVL,250,207.5,212.2,200,oi,-100737.9,-200788.8,2.408,0.176,0,200
2026-09-01,NN,20,10,15.48,20,oi,1840408.1,60562.5,4.356,4.757,0,15
2026-09-01,SNDK,1600,1430,1531.42,1450,oi,549.5,-2222,0.496,0.839,1,1430
2026-09-01,SPY,780,641,766.93,762,oi,-1946106.7,-1043050.4,3.456,22.907,0,750
2026-09-01,XLI,185,167,167.48,175,oi,-614951.1,-261510.7,5.332,2.49,1,180
2026-09-03,AVGO,410,225,362.44,350,oi,-169219.6,-136017.9,4.532,11.335,0,380
2026-09-03,CRCL,105,100,93.15,100,oi,199622.4,12441.5,0.238,0.435,1,85
2026-09-03,DLLL,37.5,30,24.12,37.5,oi,73761.7,15001.9,2.019,0.261,1,23
2026-09-03,DPRO,7.5,6,4.06,6,oi,1575546.4,1223811.5,2.939,1.181,1,5
2026-09-03,IWM,300,258,296.02,290,oi,-3827252.4,-759909.2,1.568,12.122,0,290
2026-09-03,MU,1000,950,947.33,1000,oi,32340.4,-10932.7,0.89,0.174,1,800
2026-09-03,NVDA,230,225,217.97,230,oi,3723737.8,-790033.9,0.21,0.467,1,195
2026-09-03,SNDK,1600,1550,1563.6,1600,oi,-1117.7,-5019.7,0.409,0.045,0,1430
2026-09-08,EWY,200,180,189.01,200,oi,391373.6,47579.4,2.01,1.974,1,180
2026-09-08,HOOD,120,115,117.55,120,oi,517047.1,211448.2,0.349,0.307,0,106
2026-09-08,INTC,110,100,92.86,110,oi,1504465.1,826219.4,1.258,1.017,1,92
2026-09-08,MRVL,250,225,218.09,250,oi,82749.2,92704.4,1.632,0.027,1,225
2026-09-08,SKHY,200,185,163.58,200,oi,237994.1,149766.7,1.865,0.071,1,150
2026-09-08,SPY,780,641,770.66,760,oi,-1217502.2,413731.5,2.575,22.916,0,767
2026-09-08,TEAM,200,150,177.29,150,oi,25430.9,-6022.2,2.382,2.669,0,170
2026-09-08,XME,125,120,121.29,120,oi,65825.6,10091.2,1.353,-0.013,0,115
2026-09-10,BE,280,250,257.99,250,oi,89107.4,65081.1,1.305,0.515,1,245
2026-09-10,CRWD,220,162.5,208.08,220,oi,74779.8,-10649.1,0.846,3.523,1,205
2026-09-10,GOOG,360,327.5,332.35,330,oi,-33284.9,17520.1,4.419,0.431,0,335
2026-09-10,NVDA,230,210,217.99,230,oi,1340881.2,-1574792.5,1.508,1.083,1,220
2026-09-10,QQQ,730,584.78,716.54,700,oi,-1471234.1,-220979.5,2.797,16.266,0,718
2026-09-10,RCL,310,185,263.55,260,oi,-49714.5,-3747.1,7.256,10.532,0,280
2026-09-10,SKHY,200,185,186.91,200,oi,205546.8,156343.5,1.414,0.399,1,150
2026-09-10,SPY,775,641,763.97,760,oi,-2745690.4,-1372840,3.202,21.784,0,767
2026-09-14,CCJ,110,50,99.04,80,oi,-214116.3,-225300.4,4.344,11.226,0,100
2026-09-14,EWZ,45,37,37.6,45,oi,19888299.7,1036550,8.101,0.801,1,35
2026-09-14,GOOG,350,345,340.76,350,oi,90862.9,-21058.3,0.598,0.099,1,335
2026-09-14,INTC,110,70,97.43,110,oi,393578.8,-1167340.9,2.652,5.629,0,95
2026-09-14,IWM,310,277.5,292.36,288,oi,-6736011.6,-1770221.3,7.215,3.4,0,290
2026-09-14,QQQ,730,584.78,716.69,710,oi,-1989531.3,-2161467.1,2.637,15.759,0,710
2026-09-14,SPY,775,641,762,760,oi,-3075260.7,-2921102.8,2.437,20.694,0,755
2026-09-14,TSM,430,150,426.16,400,oi,-6344.5,-173292.3,1.184,26.459,0,430
2026-09-16,AMD,515,510,503,515,oi,149154.1,-574.3,0.124,0.124,1,505
2026-09-16,ASML,1670,620,1664.93,1500,oi,-2069.6,-3676.3,1.255,18.187,0,1715
2026-09-16,GOOGL,350,337.5,342.97,350,oi,507304.8,545755.1,0.925,0.697,0,350
2026-09-16,INTC,110,100,99.02,110,oi,1658862.7,109571.9,1.71,0.201,1,95
2026-09-16,META,750,670,673.27,750,oi,435933.3,3133.4,3.597,0.155,1,670
2026-09-16,QQQ,720,584.78,705.65,700,oi,-1093777.5,-476877.5,1.852,14.536,0,710
2026-09-16,SMH,600,290,546.92,530,oi,-108704.7,-145064,3.735,17.534,0,562.5
2026-09-16,SPCX,155,150,144.16,155,oi,430564.9,202689.5,0.624,0.133,1,145
2026-09-18,DOCN,180,130,125.53,130,oi,40712.5,8168,5.646,0.016,1,115
2026-09-18,EWJ,99.84,94.84,95.53,98,oi,-111441.8,-123555.1,2.074,1.578,1,97.5
2026-09-18,PLTR,177.5,175,171.57,177.5,oi,627727.5,454411.8,-0.02,0.371,1,172.5
2026-09-18,SNDK,1800,1790,1866.05,1800,oi,9677.5,11282,0.08,0.018,0,1590
2026-09-18,SPCX,160,152.5,151.59,150,oi,939417.6,813568.8,1.06,0.031,1,150
2026-09-18,SPY,765,762,762.46,745,oi,-2181754.2,-1326057.8,0.506,-0.047,0,762
2026-09-18,XLE,65,57.5,64.47,64,oi,10686.3,-2065361.4,0.519,5.122,0,65
2026-09-18,XLI,172,167,171,170,oi,-813272.5,-126548,0.925,1.13,0,171
2026-09-22,DASH,240,170,196.7,170,oi,18659.9,-15089.1,6.537,3.038,0,210
2026-09-22,EWZ,45,38,37.51,45,oi,21022301.9,-1033670.1,7.573,0.292,1,37
2026-09-22,HPQ,40,32,32.27,29,oi,-246337.9,-305749.2,4.579,0.023,0,36
2026-09-22,INTC,130,120,121.29,130,oi,1152033.5,76088.9,0.936,0.589,1,102
2026-09-22,NVDA,230,225,217.97,230,oi,3572066.2,1982540,0.191,0.655,1,215
2026-09-22,SNDK,2000,1800,1845.34,2000,oi,4007.3,7016.9,1.076,0.829,1,1500
2026-09-22,TSLA,380,367.5,372.51,380,oi,367545.6,204907.2,0.084,0.868,1,360
2026-09-22,XOP,195,138,187.5,165,oi,-115454.9,-132497.4,2.732,8.897,0,192.5
