date,ticker,direction,source,n_presets,screener_premium,close_t,close_t7,atr14,move_atr,win_1atr,win_05atr,dir_hit,in_flow_panel,flow_agrees
2026-08-06,AFRM,-1,screener,1,-462430,76.58,74.52,3.1935,0.645,0,1,1,0,0
2026-08-06,AGNC,-1,screener,1,-269902,10.61,10.95,0.244,-1.393,0,0,0,0,0
2026-08-06,AMD,1,screener,1,4781283,489.28,506.0,40.1989,0.416,0,0,1,1,0
2026-08-06,AMZN,1,screener,1,5196073,272.26,261.31,9.9579,-1.1,0,0,0,0,0
2026-08-06,ASTS,1,screener,1,474305,67.36,71.14,5.4903,0.688,0,1,1,0,0
2026-08-06,AU,-1,screener,1,-1111665,87.59,99.6,3.9722,-3.024,0,0,0,0,0
2026-08-06,BKV,1,screener,1,1286647,24.0,26.35,1.0593,2.218,1,1,1,0,0
2026-08-06,BNO,-1,screener,1,-678730,47.37,51.97,2.2114,-2.08,0,0,0,0,0
2026-08-06,CMPS,1,screener,1,282661,13.55,13.72,0.717,0.237,0,0,1,0,0
2026-08-06,CNR,-1,screener,1,-809083,89.98,95.87,3.3019,-1.784,0,0,0,0,0
2026-08-06,CRM,-1,screener,1,-267161,186.77,190.97,9.081,-0.463,0,0,0,0,0
2026-08-06,CSX,-1,screener,1,-271983,50.7,50.58,1.3121,0.091,0,0,1,0,0
2026-08-06,DDOG,-1,screener,1,-903763,229.29,247.32,15.7295,-1.146,0,0,0,0,0
2026-08-06,DIS,1,screener,1,783705,104.68,103.5,2.5231,-0.468,0,0,0,0,0
2026-08-06,DRAM,-1,screener,1,-262816,51.44,60.39,4.4947,-1.991,0,0,0,0,0
2026-08-06,EWY,-1,screener,1,-1554385,164.12,185.1,9.5136,-2.205,0,0,0,0,0
2026-08-06,FCX,-1,screener,1,-282295,68.18,68.38,2.8468,-0.07,0,0,0,0,0
2026-08-06,GDDY,-1,screener,1,-339657,90.35,92.37,6.2678,-0.322,0,0,0,0,0
2026-08-06,GLD,1,screener,1,521452,389.67,405.49,6.8522,2.309,1,1,1,0,0
2026-08-06,IAG,-1,screener,1,-369310,16.03,19.05,0.7213,-4.187,0,0,0,0,0
2026-08-06,INTC,-1,screener,2,-32436,99.81,103.49,7.7243,-0.476,0,0,0,0,0
2026-08-06,NN,1,screener,1,321345,15.0,19.2,1.0257,4.095,1,1,1,0,0
2026-08-06,NVDA,1,screener,2,1998593,218.99,225.01,7.8081,0.771,0,1,1,0,0
2026-08-06,OKLO,1,screener,1,681092,42.19,43.88,3.1067,0.544,0,1,1,0,0
2026-08-06,PANW,1,screener,2,2176614,359.49,375.76,15.0236,1.083,1,1,1,0,0
2026-08-06,PDD,1,screener,1,3734047,90.85,86.94,2.1423,-1.825,0,0,0,0,0
2026-08-06,QQQ,1,screener,2,158561,714.65,729.87,15.0438,1.012,1,1,1,1,1
2026-08-06,RARE,1,screener,1,469116,25.82,26.13,1.5121,0.205,0,0,1,0,0
2026-08-06,RKLB,1,screener,1,1286606,75.67,82.08,5.5274,1.16,1,1,1,0,0
2026-08-06,SEZL,-1,screener,1,-1838508,178.53,122.18,10.9624,5.14,1,1,1,0,0
2026-08-06,SKHY,-1,screener,1,-3591962,143.53,171.38,14.789,-1.883,0,0,0,0,0
2026-08-06,SPCX,1,screener,2,2328072,114.92,146.23,9.2975,3.368,1,1,1,0,0
2026-08-06,SPY,-1,screener,1,-10116076,768.56,772.67,9.2639,-0.444,0,0,0,1,1
2026-08-06,TE,1,screener,1,283733,5.55,4.88,0.6718,-0.997,0,0,0,0,0
2026-08-06,TEAM,1,screener,1,4377036,110.17,158.34,7.2457,6.648,1,1,1,0,0
2026-08-06,TLT,1,screener,1,375076,82.52,81.35,0.6025,-1.942,0,0,0,0,0
2026-08-06,TROW,-1,screener,1,-253580,113.62,110.46,3.0082,1.05,1,1,1,0,0
2026-08-06,TSLA,1,screener,1,8132315,319.53,339.3,15.156,1.304,1,1,1,0,0
2026-08-06,TSM,-1,screener,1,-1842573,418.2,430.97,16.5428,-0.772,0,0,0,0,0
2026-08-06,TTD,-1,screener,2,-18552,17.67,13.4,1.009,4.232,1,1,1,0,0
2026-08-06,U,1,screener,1,496899,40.81,45.45,2.211,2.099,1,1,1,0,0
2026-08-06,UNH,1,screener,1,2530863,403.97,395.62,12.0057,-0.696,0,0,0,0,0
2026-08-06,VALE,-1,screener,1,-305753,14.72,13.75,0.3546,2.735,1,1,1,0,0
2026-08-10,AMZN,-1,screener,1,-633074,278.09,265.84,10.1979,1.201,1,1,1,0,0
2026-08-10,ANET,-1,screener,1,-1049091,191.52,186.45,11.0688,0.458,0,0,1,1,1
2026-08-10,AVGO,1,screener,1,701658,422.4,362.48,16.215,-3.695,0,0,0,0,0
2026-08-10,AXTI,1,screener,1,3321252,73.81,73.43,11.0806,-0.034,0,0,0,0,0
2026-08-10,CIFR,-1,screener,1,-355617,16.33,15.89,2.9418,0.15,0,0,1,0,0
2026-08-10,CVX,1,screener,1,389630,194.91,205.76,4.979,2.179,1,1,1,0,0
2026-08-10,DIA,-1,screener,1,-350986,538.99,534.27,6.395,0.738,0,1,1,0,0
2026-08-10,ETHA,1,screener,1,498255,14.14,15.88,0.4101,4.243,1,1,1,0,0
2026-08-10,FCX,1,screener,1,1701446,70.51,69.09,2.8354,-0.501,0,0,0,0,0
2026-08-10,GDX,1,screener,1,629590,90.49,97.33,3.4536,1.981,1,1,1,0,0
2026-08-10,GEO,-1,screener,1,-287396,30.66,30.68,1.2234,-0.016,0,0,0,0,0
2026-08-10,GLD,1,screener,1,623728,402.54,413.84,7.4879,1.509,1,1,1,0,0
2026-08-10,HIMS,1,screener,1,262724,31.77,31.09,2.9381,-0.231,0,0,0,0,0
2026-08-10,HL,1,screener,1,447931,17.55,20.54,0.9246,3.234,1,1,1,0,0
2026-08-10,IBIT,-1,screener,1,-3843727,36.23,38.78,0.7746,-3.292,0,0,0,0,0
2026-08-10,INTC,-1,screener,1,-1850051,97.52,92.8,7.4214,0.636,0,1,1,0,0
2026-08-10,IREN,1,screener,1,2037871,38.74,42.84,4.1098,0.998,0,1,1,0,0
2026-08-10,JD,1,screener,1,353796,33.47,29.35,0.5983,-6.886,0,0,0,0,0
2026-08-10,LYG,-1,screener,1,-285813,6.12,5.94,0.1483,1.214,1,1,1,0,0
2026-08-10,MSTR,1,screener,2,946471,97.33,104.25,5.5472,1.247,1,1,1,0,0
2026-08-10,MU,1,screener,1,3019077,861.0,937.105,79.1864,0.961,0,1,1,0,0
2026-08-10,NOW,-1,screener,1,-448875,127.44,127.2,7.2681,0.033,0,0,1,0,0
2026-08-10,NVDA,-1,screener,1,-484088,217.55,217.56,7.973,-0.001,0,0,0,1,1
2026-08-10,ORCL,1,screener,1,9999480,151.05,143.81,7.1107,-1.018,0,0,0,0,0
2026-08-10,QCOM,1,screener,1,1320994,162.17,161.91,7.8204,-0.033,0,0,0,1,0
2026-08-10,QQQ,-1,screener,2,-64191,720.87,716.08,14.2481,0.336,0,0,1,1,1
2026-08-10,SILJ,1,screener,1,367299,29.87,31.42,1.2853,1.206,1,1,1,0,0
2026-08-10,SKHY,1,screener,3,2969518,135.29,156.16,13.2818,1.571,1,1,1,0,0
2026-08-10,SLB,1,screener,1,645544,53.2,53.55,2.0583,0.17,0,0,1,0,0
2026-08-10,SLV,1,screener,1,2813963,59.41,60.01,1.8414,0.326,0,0,1,0,0
2026-08-10,SOXL,-1,screener,1,-1671549,130.0,120.74,20.4068,0.454,0,0,1,0,0
2026-08-10,SPCX,1,screener,1,3176124,138.74,139.65,10.1539,0.09,0,0,1,0,0
2026-08-10,SPY,-1,screener,2,-2326232,773.03,769.06,8.8793,0.447,0,0,1,0,0
2026-08-10,TEM,1,screener,1,532216,55.06,61.25,3.2273,1.918,1,1,1,0,0
2026-08-10,TSLA,1,screener,2,615375,330.88,351.12,14.3285,1.413,1,1,1,0,0
2026-08-10,TSM,-1,screener,1,-545483,418.47,412.09,15.6107,0.409,0,0,1,0,0
2026-08-10,TTD,-1,screener,1,-296521,13.39,13.54,1.3069,-0.115,0,0,0,0,0
2026-08-10,USO,1,screener,2,678136,125.92,130.91,6.3963,0.78,0,1,1,0,0
2026-08-10,VAL,1,screener,1,773640,85.55,86.92,3.5,0.391,0,0,1,0,0
2026-08-10,VFC,-1,screener,1,-908120,14.9,14.37,0.8416,0.63,0,1,1,0,0
2026-08-10,VSTS,-1,screener,1,-347965,13.87,13.05,0.5153,1.591,1,1,1,0,0
2026-08-10,WCLD,-1,screener,1,-420000,40.05,40.52,1.4693,-0.32,0,0,0,0,0
2026-08-10,XLE,-1,screener,2,-441327,60.18,63.58,1.4437,-2.355,0,0,0,0,0
2026-08-10,ZTS,1,screener,1,940727,74.83,76.68,3.085,0.6,0,1,1,0,0
2026-08-12,AAOI,1,screener,3,3534652,138.08,124.82,16.0265,-0.827,0,0,0,0,0
2026-08-12,ALL,-1,screener,1,-415043,255.84,253.83,7.8762,0.255,0,0,1,0,0
2026-08-12,AMD,-1,screener,1,-1465695,482.93,473.25,35.1661,0.275,0,0,1,1,1
2026-08-12,AMZN,-1,screener,1,-770631,267.28,258.63,9.8437,0.879,0,1,1,0,0
2026-08-12,AVGO,-1,screener,1,-1319753,416.05,368.45,15.9325,2.988,1,1,1,0,0
2026-08-12,BE,1,screener,1,835656,237.16,201.45,27.3958,-1.303,0,0,0,0,0
2026-08-12,CCJ,-1,screener,1,-952910,99.03,102.51,3.8956,-0.893,0,0,0,0,0
2026-08-12,COHR,-1,screener,1,-5946987,355.64,289.52,37.3776,1.769,1,1,1,0,0
2026-08-12,CSGP,-1,screener,1,-678076,30.5,32.26,1.6045,-1.097,0,0,0,0,0
2026-08-12,EEM,1,screener,1,717072,66.46,67.12,1.3532,0.488,0,0,1,0,0
2026-08-12,EWY,-1,screener,1,-3327714,175.87,178.34,9.4039,-0.263,0,0,0,0,0
2026-08-12,EWZ,1,screener,2,1076548,33.86,35.06,0.6167,1.946,1,1,1,0,0
2026-08-12,FPS,-1,screener,1,-955012,38.27,33.18,3.0514,1.668,1,1,1,0,0
2026-08-12,FSLR,1,screener,1,675778,226.77,214.28,15.3766,-0.812,0,0,0,0,0
2026-08-12,GLD,1,screener,1,320590,404.92,423.36,7.0979,2.598,1,1,1,0,0
2026-08-12,HTZ,1,screener,1,1268804,2.8,2.25,0.2933,-1.875,0,0,0,0,0
2026-08-12,INTC,-1,screener,1,-254311,100.95,90.07,7.2882,1.493,1,1,1,1,0
2026-08-12,INTU,-1,screener,1,-476212,334.71,367.0,14.5148,-2.225,0,0,0,0,0
2026-08-12,IREN,1,screener,1,302165,43.67,41.88,4.1518,-0.431,0,0,0,0,0
2026-08-12,IWM,-1,screener,1,-296470,302.71,299.96,4.0107,0.686,0,1,1,0,0
2026-08-12,KWEB,-1,screener,1,-1493443,27.54,26.66,0.5329,1.651,1,1,1,0,0
2026-08-12,LITE,-1,screener,1,-20081584,932.47,866.71,89.2114,0.737,0,1,1,1,1
2026-08-12,MSFT,1,screener,1,2309260,492.43,483.24,17.3653,-0.529,0,0,0,0,0
2026-08-12,NOK,1,screener,1,1006246,10.32,10.21,0.5937,-0.185,0,0,0,0,0
2026-08-12,NVDA,-1,screener,2,-3721553,224.09,214.72,7.8344,1.196,1,1,1,1,0
2026-08-12,ONON,-1,screener,1,-764624,31.01,30.02,1.8863,0.525,0,1,1,0,0
2026-08-12,ORCL,1,screener,1,6707151,153.28,146.47,7.5836,-0.898,0,0,0,1,1
2026-08-12,PAAS,1,screener,1,827691,52.38,53.07,1.9423,0.355,0,0,1,0,0
2026-08-12,PCG,1,screener,1,418166,17.38,17.6,0.5034,0.437,0,0,1,0,0
2026-08-12,QQQ,1,screener,2,6442642,723.7,713.44,13.7524,-0.746,0,0,0,0,0
2026-08-12,S,-1,screener,1,-419600,22.3,21.19,0.8493,1.307,1,1,1,0,0
2026-08-12,SBSW,1,screener,1,381680,10.71,12.58,0.4307,4.342,1,1,1,0,0
2026-08-12,SEDG,-1,screener,1,-580906,32.02,30.83,4.1695,0.285,0,0,1,0,0
2026-08-12,SHAK,-1,screener,1,-758717,72.86,75.82,3.2486,-0.911,0,0,0,0,0
2026-08-12,SKHY,1,screener,1,281525,154.41,163.41,13.1021,0.687,0,1,1,0,0
2026-08-12,SLV,1,screener,2,136400,59.06,62.72,1.735,2.11,1,1,1,0,0
2026-08-12,SMCI,1,screener,2,3077947,37.61,37.24,2.4636,-0.15,0,0,0,0,0
2026-08-12,SOXX,-1,screener,1,-722144,546.61,520.05,27.0867,0.981,0,1,1,0,0
2026-08-12,SPCX,1,screener,1,2009461,146.15,136.97,10.7618,-0.853,0,0,0,0,0
2026-08-12,SPY,-1,screener,1,-267149,772.49,765.72,8.4436,0.802,0,1,1,0,0
2026-08-12,SQQQ,1,screener,1,336349,37.32,39.02,2.5591,0.664,0,1,1,0,0
2026-08-12,TQQQ,-1,screener,1,-770405,74.6,71.17,3.9125,0.877,0,1,1,0,0
2026-08-12,TSCO,1,screener,1,333116,36.43,34.98,1.2323,-1.177,0,0,0,0,0
2026-08-12,TSLA,1,screener,1,3505508,327.51,362.86,10.9703,3.222,1,1,1,0,0
2026-08-12,TTD,-1,screener,1,-555329,13.49,13.18,1.2547,0.247,0,0,1,0,0
2026-08-12,XLF,1,screener,1,945004,57.92,57.48,0.6504,-0.677,0,0,0,0,0
2026-08-14,AAPL,-1,screener,1,-272781,305.93,309.9,8.5842,-0.462,0,0,0,0,0
2026-08-14,ABNB,-1,screener,2,-205841,184.06,190.5,6.7193,-0.958,0,0,0,0,0
2026-08-14,AMAT,1,screener,1,824822,507.18,480.04,33.9811,-0.799,0,0,0,0,0
2026-08-14,ANET,-1,screener,1,-884906,198.82,190.94,11.4589,0.688,0,1,1,0,0
2026-08-14,APP,1,screener,1,3482488,315.44,310.54,23.498,-0.209,0,0,0,0,0
2026-08-14,AVGO,-1,screener,1,-1858565,392.99,356.74,16.8403,2.153,1,1,1,0,0
2026-08-14,BE,1,screener,1,2735019,229.94,217.45,26.3786,-0.473,0,0,0,1,0
2026-08-14,CMG,1,screener,1,390963,33.5,37.43,1.5516,2.533,1,1,1,0,0
2026-08-14,COIN,1,screener,1,271248,148.47,187.16,8.6388,4.479,1,1,1,0,0
2026-08-14,CRWD,-1,screener,1,-751293,216.95,185.38,9.1756,3.441,1,1,1,0,0
2026-08-14,CRWV,1,screener,1,2176264,105.26,88.04,9.2295,-1.866,0,0,0,0,0
2026-08-14,CSCO,-1,screener,1,-252931,111.68,111.11,4.7316,0.12,0,0,1,0,0
2026-08-14,DIA,-1,screener,1,-304535,536.8,535.24,5.8591,0.266,0,0,1,0,0
2026-08-14,EEM,-1,screener,1,-387209,66.61,67.25,1.247,-0.513,0,0,0,0,0
2026-08-14,HWM,-1,screener,1,-546560,289.18,264.04,8.8917,2.827,1,1,1,0,0
2026-08-14,IGV,-1,screener,1,-2411921,104.08,101.85,2.9263,0.762,0,1,1,0,0
2026-08-14,INFQ,1,screener,1,273928,12.86,13.83,0.8679,1.118,1,1,1,0,0
2026-08-14,IWM,-1,screener,1,-1010297,305.09,299.23,3.7879,1.547,1,1,1,0,0
2026-08-14,KEEL,-1,screener,1,-256260,3.51,3.51,0.4389,-0.0,0,0,0,0,0
2026-08-14,KLAC,1,screener,1,663071,203.72,183.34,11.9975,-1.699,0,0,0,0,0
2026-08-14,LITE,1,screener,1,4945985,926.14,885.565,89.0531,-0.456,0,0,0,0,0
2026-08-14,MSFT,-1,screener,1,-361502,495.4,491.71,16.9453,0.218,0,0,1,0,0
2026-08-14,MTSI,1,screener,1,1906268,316.44,266.27,20.3016,-2.471,0,0,0,0,0
2026-08-14,NVDA,1,screener,2,1017925,225.16,213.05,6.8416,-1.77,0,0,0,0,0
2026-08-14,RGTI,1,screener,1,256748,18.82,16.94,1.1922,-1.577,0,0,0,0,0
2026-08-14,ROIV,-1,screener,1,-929152,36.2,36.47,1.3157,-0.205,0,0,0,0,0
2026-08-14,SGML,1,screener,1,352141,11.99,12.33,0.7458,0.456,0,0,1,0,0
2026-08-14,SKHY,1,screener,1,2499764,166.33,159.53,12.0884,-0.563,0,0,0,0,0
2026-08-14,SMH,-1,screener,1,-289092,587.82,555.82,21.4386,1.493,1,1,1,0,0
2026-08-14,SOXL,-1,screener,1,-464619,144.95,115.67,17.0351,1.719,1,1,1,0,0
2026-08-14,SOXX,1,screener,1,525328,550.42,514.06,24.4063,-1.49,0,0,0,0,0
2026-08-14,SPCX,-1,screener,1,-1200478,140.0,137.95,10.8803,0.188,0,0,1,0,0
2026-08-14,SPY,-1,screener,2,-6064516,776.34,765.91,8.0264,1.299,1,1,1,0,0
2026-08-14,TQQQ,1,screener,1,544715,76.79,70.27,3.739,-1.744,0,0,0,0,0
2026-08-14,TSLA,1,screener,2,2517008,342.27,350.25,11.196,0.713,0,1,1,0,0
2026-08-14,UCO,1,screener,1,285367,41.41,41.24,2.2501,-0.076,0,0,0,0,0
2026-08-14,UMAC,-1,screener,1,-597384,34.06,24.35,2.9694,3.27,1,1,1,0,0
2026-08-14,W,1,screener,1,416872,101.63,104.53,6.7746,0.428,0,0,1,0,0
2026-08-14,XLE,-1,screener,1,-455695,61.91,62.06,1.3875,-0.108,0,0,0,0,0
2026-08-18,AMD,1,screener,1,2955569,484.39,476.67,29.7779,-0.259,0,0,0,0,0
2026-08-18,ANET,-1,screener,1,-604580,193.18,201.09,10.8657,-0.728,0,0,0,0,0
2026-08-18,AS,1,screener,1,2189302,33.62,30.52,1.2622,-2.456,0,0,0,0,0
2026-08-18,BTDR,1,screener,1,263862,9.0,11.33,1.1946,1.95,1,1,1,0,0
2026-08-18,CBRE,1,screener,1,1672996,147.3,147.22,4.3868,-0.018,0,0,0,0,0
2026-08-18,CBRS,-1,screener,1,-340542,220.01,186.67,25.5714,1.304,1,1,1,0,0
2026-08-18,CRH,-1,screener,1,-390150,93.25,95.58,2.9363,-0.794,0,0,0,0,0
2026-08-18,DHT,1,screener,1,266115,19.31,19.35,0.7004,0.057,0,0,1,0,0
2026-08-18,DRAM,1,screener,2,345459,55.1,56.83,3.981,0.435,0,0,1,0,0
2026-08-18,DVN,1,screener,1,482125,47.83,47.12,1.3535,-0.525,0,0,0,0,0
2026-08-18,EFA,-1,screener,1,-2178325,107.27,108.02,0.9984,-0.751,0,0,0,0,0
2026-08-18,ETN,-1,screener,1,-1161579,431.33,416.04,17.3543,0.881,0,1,1,0,0
2026-08-18,GLW,1,screener,1,1432363,159.9,152.8,11.3815,-0.624,0,0,0,0,0
2026-08-18,GOOGL,-1,screener,1,-1350742,344.2,340.65,10.7085,0.332,0,0,1,0,0
2026-08-18,IBIT,1,screener,1,715398,36.6,45.29,0.7075,12.283,1,1,1,0,0
2026-08-18,INTC,1,screener,1,1562822,96.685,92.09,6.6468,-0.691,0,0,0,1,0
2026-08-18,IREN,1,screener,1,288666,42.0,40.53,4.0404,-0.364,0,0,0,0,0
2026-08-18,IWM,-1,screener,2,-17891270,300.23,299.81,3.5743,0.118,0,0,1,0,0
2026-08-18,JPM,1,screener,1,2738800,363.25,354.22,5.4885,-1.645,0,0,0,0,0
2026-08-18,MARA,-1,screener,1,-264026,8.96,11.87,0.8192,-3.552,0,0,0,0,0
2026-08-18,META,1,screener,1,1080725,543.67,571.1,22.9572,1.195,1,1,1,0,0
2026-08-18,MRVL,1,screener,2,1062006,216.0,241.45,16.8168,1.513,1,1,1,0,0
2026-08-18,MU,-1,screener,1,-1622862,940.76,935.39,70.3728,0.076,0,0,1,0,0
2026-08-18,NBIS,-1,screener,1,-1218732,248.43,218.48,27.2774,1.098,1,1,1,0,0
2026-08-18,NVDA,1,screener,1,6194214,219.74,227.98,6.5813,1.252,1,1,1,0,0
2026-08-18,NVS,-1,screener,1,-1620463,154.55,154.65,2.4432,-0.041,0,0,0,0,0
2026-08-18,PWR,-1,screener,1,-1166586,696.15,621.83,32.9124,2.258,1,1,1,0,0
2026-08-18,QBTS,1,screener,1,664281,19.53,17.9,1.4276,-1.142,0,0,0,0,0
2026-08-18,QQQ,1,screener,1,22002695,717.51,721.11,12.0335,0.299,0,0,1,0,0
2026-08-18,QUBT,1,screener,1,276555,8.52,8.65,0.505,0.257,0,0,1,0,0
2026-08-18,SAN,1,screener,1,280546,14.24,14.55,0.2909,1.066,1,1,1,0,0
2026-08-18,SIL,-1,screener,1,-294152,87.53,103.14,3.4508,-4.524,0,0,0,0,0
2026-08-18,SILJ,1,screener,1,646775,28.68,33.16,1.1832,3.786,1,1,1,0,0
2026-08-18,SKHY,1,screener,1,1013877,155.62,161.61,12.2192,0.49,0,0,1,0,0
2026-08-18,SMH,-1,screener,1,-626219,569.77,573.0,20.3779,-0.159,0,0,0,0,0
2026-08-18,SOXX,-1,screener,1,-8572390,531.39,525.43,23.2621,0.256,0,0,1,0,0
2026-08-18,SPY,-1,screener,1,-20027891,767.45,771.1,7.2854,-0.501,0,0,0,1,1
2026-08-18,SQQQ,1,screener,1,887238,38.28,37.775,2.0966,-0.241,0,0,0,0,0
2026-08-18,TMUS,1,screener,1,2964284,182.75,177.75,4.9057,-1.019,0,0,0,0,0
2026-08-18,TQQQ,-1,screener,2,-297050,72.53,73.3,3.5199,-0.219,0,0,0,0,0
2026-08-18,UAL,-1,screener,1,-515224,118.72,112.39,4.081,1.551,1,1,1,0,0
2026-08-18,WDC,-1,screener,1,-544155,496.16,462.0,46.0941,0.741,0,1,1,0,0
2026-08-18,WULF,-1,screener,1,-736325,15.62,16.49,1.5531,-0.56,0,0,0,0,0
2026-08-20,ACN,-1,screener,1,-1259997,181.35,189.76,7.8072,-1.077,0,0,0,0,0
2026-08-20,AMZN,-1,screener,1,-2320199,260.11,259.77,7.2139,0.047,0,0,1,0,0
2026-08-20,AXTI,-1,screener,1,-294448,73.12,60.61,11.5038,1.087,1,1,1,0,0
2026-08-20,BABA,1,screener,1,520827,130.53,114.02,4.0489,-4.078,0,0,0,0,0
2026-08-20,BMNR,1,screener,1,1038713,21.57,25.32,1.0389,3.61,1,1,1,0,0
2026-08-20,BTDR,1,screener,1,492125,10.43,10.85,1.1505,0.365,0,0,1,0,0
2026-08-20,C,-1,screener,1,-257514,129.67,131.62,3.0057,-0.649,0,0,0,0,0
2026-08-20,CE,1,screener,1,718685,46.98,45.48,1.9964,-0.751,0,0,0,0,0
2026-08-20,CIFR,1,screener,1,324410,17.21,15.5,2.1514,-0.795,0,0,0,0,0
2026-08-20,COIN,1,screener,1,1227784,172.35,188.12,8.1575,1.933,1,1,1,0,0
2026-08-20,DAL,1,screener,1,1089219,81.06,78.0,2.4228,-1.263,0,0,0,0,0
2026-08-20,DCI,-1,screener,1,-587347,92.44,90.89,2.0502,0.756,0,1,1,0,0
2026-08-20,DE,-1,screener,1,-1326491,620.94,654.91,18.2139,-1.865,0,0,0,0,0
2026-08-20,DKS,1,screener,1,835186,179.34,135.1,7.085,-6.244,0,0,0,0,0
2026-08-20,EEM,1,screener,1,482860,66.62,67.02,1.0581,0.378,0,0,1,0,0
2026-08-20,ETHA,1,screener,1,620691,17.55,18.72,0.4919,2.379,1,1,1,0,0
2026-08-20,FCX,1,screener,1,3312107,71.22,75.74,2.6546,1.703,1,1,1,0,0
2026-08-20,FXI,-1,screener,1,-309336,35.67,35.37,0.4189,0.716,0,1,1,0,0
2026-08-20,GDX,1,screener,2,1530047,99.85,98.51,3.78,-0.354,0,0,0,0,0
2026-08-20,GDXJ,-1,screener,1,-810397,129.14,127.93,5.1225,0.236,0,0,1,0,0
2026-08-20,GLD,-1,screener,2,-120106,415.26,408.42,7.4909,0.913,0,1,1,1,0
2026-08-20,HIVE,1,screener,1,311715,3.13,2.78,0.2327,-1.504,0,0,0,0,0
2026-08-20,HPE,-1,screener,1,-620821,52.89,52.24,3.2377,0.201,0,0,1,0,0
2026-08-20,IBIT,1,screener,1,1249704,41.2,44.67,0.9311,3.727,1,1,1,1,0
2026-08-20,IWM,-1,screener,2,-376559,297.67,293.93,3.3936,1.102,1,1,1,1,1
2026-08-20,KGC,1,screener,1,599295,31.43,30.68,1.2246,-0.612,0,0,0,0,0
2026-08-20,MRNA,-1,screener,1,-1986430,133.32,140.34,14.5545,-0.482,0,0,0,0,0
2026-08-20,MSTR,1,screener,1,1314496,112.39,132.94,5.7921,3.548,1,1,1,0,0
2026-08-20,NEM,1,screener,1,934970,127.64,126.06,4.8877,-0.323,0,0,0,0,0
2026-08-20,NRG,-1,screener,1,-473021,115.36,110.12,7.2091,0.727,0,1,1,0,0
2026-08-20,OKLO,1,screener,1,405910,41.66,40.57,3.1909,-0.342,0,0,0,0,0
2026-08-20,PURR,1,screener,1,315832,10.08,12.25,0.5962,3.64,1,1,1,0,0
2026-08-20,QQQ,-1,screener,2,-4648706,710.93,716.76,10.415,-0.56,0,0,0,0,0
2026-08-20,SPY,-1,screener,2,-41920849,762.6,767.05,6.4164,-0.694,0,0,0,1,1
2026-08-20,TE,-1,screener,1,-258920,4.36,4.45,0.6124,-0.147,0,0,0,0,0
2026-08-20,TEAM,1,screener,1,1431828,174.91,194.17,10.3743,1.857,1,1,1,0,0
2026-08-20,TLT,-1,screener,1,-2782365,82.34,82.52,0.6501,-0.277,0,0,0,0,0
2026-08-20,TQQQ,-1,screener,1,-543688,70.48,71.92,3.1291,-0.46,0,0,0,0,0
2026-08-20,TSLA,1,screener,1,1416372,345.13,367.95,10.9981,2.075,1,1,1,0,0
2026-08-20,USO,-1,screener,1,-379620,134.54,133.7,4.3203,0.194,0,0,1,0,0
2026-08-20,VOO,-1,screener,1,-867127,701.01,704.89,5.8922,-0.658,0,0,0,0,0
2026-08-20,XLP,-1,screener,1,-482910,85.32,84.98,1.24,0.274,0,0,1,0,0
2026-08-20,XOP,-1,screener,1,-445729,187.45,188.96,4.6152,-0.327,0,0,0,0,0
2026-08-24,AG,-1,screener,1,-342716,20.83,21.2,1.0431,-0.355,0,0,0,0,0
2026-08-24,AMZN,-1,screener,1,-629508,262.07,254.98,6.1371,1.155,1,1,1,0,0
2026-08-24,ANNX,1,screener,1,538195,5.06,4.93,0.2805,-0.463,0,0,0,0,0
2026-08-24,AVGO,-1,screener,1,-487601,358.76,367.24,13.5746,-0.625,0,0,0,0,0
2026-08-24,BE,1,screener,1,427923,204.02,217.28,19.7003,0.673,0,1,1,0,0
2026-08-24,BLSH,-1,screener,2,-1660198,30.61,32.64,1.8094,-1.122,0,0,0,0,0
2026-08-24,BMNR,1,screener,1,261222,24.14,23.06,1.1878,-0.909,0,0,0,0,0
2026-08-24,BR,1,screener,1,790199,185.45,178.06,5.5023,-1.343,0,0,0,0,0
2026-08-24,CF,-1,screener,1,-452214,129.24,139.27,5.1663,-1.941,0,0,0,0,0
2026-08-24,CMG,-1,screener,1,-1290501,38.02,38.52,1.2026,-0.416,0,0,0,0,0
2026-08-24,COIN,-1,screener,1,-443217,179.48,174.96,9.1306,0.495,0,0,1,0,0
2026-08-24,CRCL,-1,screener,1,-343277,87.72,88.64,5.5918,-0.165,0,0,0,0,0
2026-08-24,CRM,1,screener,1,262908,209.06,256.93,7.5966,6.302,1,1,1,0,0
2026-08-24,CVE,-1,screener,1,-637201,32.17,32.81,0.8966,-0.714,0,0,0,0,0
2026-08-24,DNN,1,screener,1,252896,3.54,3.22,0.1611,-1.986,0,0,0,0,0
2026-08-24,DOX,-1,screener,1,-317667,62.1,62.46,1.7305,-0.208,0,0,0,0,0
2026-08-24,EL,-1,screener,1,-459860,104.13,101.15,3.6463,0.817,0,1,1,0,0
2026-08-24,EMBJ,-1,screener,1,-441982,76.26,72.21,2.5664,1.578,1,1,1,0,0
2026-08-24,ETSY,-1,screener,1,-353198,87.03,81.72,3.7702,1.408,1,1,1,0,0
2026-08-24,FXI,-1,screener,1,-289400,35.55,35.54,0.4332,0.023,0,0,1,0,0
2026-08-24,GLD,-1,screener,1,-491978,426.69,402.78,8.0136,2.984,1,1,1,0,0
2026-08-24,GM,1,screener,1,810843,86.98,84.87,2.0767,-1.016,0,0,0,0,0
2026-08-24,GOOGL,-1,screener,1,-476606,348.06,337.12,8.0129,1.365,1,1,1,0,0
2026-08-24,HPQ,1,screener,1,300581,28.58,31.99,1.2574,2.712,1,1,1,0,0
2026-08-24,IBIT,1,screener,2,205170,44.64,43.79,1.1575,-0.734,0,0,0,0,0
2026-08-24,IWM,-1,screener,2,-107737,297.97,294.01,2.9357,1.349,1,1,1,0,0
2026-08-24,KWEB,-1,screener,1,-355068,26.25,25.7,0.5214,1.055,1,1,1,0,0
2026-08-24,MRK,1,screener,1,524079,150.66,151.64,4.4721,0.219,0,0,1,0,0
2026-08-24,MRNA,1,screener,2,9702793,138.89,150.81,16.9837,0.702,0,1,1,1,1
2026-08-24,MRVL,1,screener,1,5499646,229.29,206.48,16.6587,-1.369,0,0,0,0,0
2026-08-24,MSTR,1,screener,1,267167,122.63,123.19,6.3964,0.088,0,0,1,0,0
2026-08-24,NEM,-1,screener,1,-554704,131.84,125.16,5.1419,1.299,1,1,1,0,0
2026-08-24,NFLX,1,screener,1,320944,80.01,82.73,2.2265,1.222,1,1,1,0,0
2026-08-24,NRG,1,screener,1,549130,111.78,111.09,5.1098,-0.135,0,0,0,0,0
2026-08-24,PSKY,1,screener,1,3277362,10.35,10.97,0.4246,1.46,1,1,1,1,1
2026-08-24,PSX,-1,screener,1,-347845,241.96,256.09,7.566,-1.868,0,0,0,0,0
2026-08-24,QQQ,1,screener,3,5241790,706.32,709.24,8.6903,0.336,0,0,1,1,1
2026-08-24,RBLX,1,screener,1,480658,38.76,41.21,1.7964,1.364,1,1,1,0,0
2026-08-24,SBET,-1,screener,1,-810921,8.27,8.1,0.401,0.424,0,0,1,0,0
2026-08-24,SKHY,-1,screener,1,-1089965,155.37,164.98,10.088,-0.953,0,0,0,0,0
2026-08-24,SLB,1,screener,1,2572561,54.0,58.13,1.4181,2.912,1,1,1,0,0
2026-08-24,SLV,1,screener,1,503355,62.2,59.07,1.8014,-1.738,0,0,0,1,0
2026-08-24,SPY,1,screener,4,9275884,763.47,765.16,5.1021,0.331,0,0,1,0,0
2026-08-24,SQQQ,1,screener,1,390780,40.19,39.71,1.3595,-0.353,0,0,0,0,0
2026-08-24,STX,-1,screener,1,-1622176,794.65,808.54,65.8504,-0.211,0,0,0,0,0
2026-08-24,TEM,-1,screener,1,-683434,66.17,61.94,4.6903,0.902,0,1,1,0,0
2026-08-24,TQQQ,-1,screener,1,-595585,69.01,69.6,2.6497,-0.223,0,0,0,0,0
2026-08-24,TRGP,-1,screener,1,-1112046,294.26,293.46,9.4582,0.085,0,0,1,0,0
2026-08-24,UVIX,-1,screener,1,-464055,43.51,39.06,2.0409,2.18,1,1,1,0,0
2026-08-24,WDC,1,screener,1,3746755,435.38,448.9,40.1656,0.337,0,0,1,1,1
2026-08-24,WING,-1,screener,1,-391400,116.84,113.155,6.3528,0.58,0,1,1,0,0
2026-08-24,WULF,1,screener,1,307346,15.48,14.82,1.3827,-0.477,0,0,0,0,0
2026-08-24,XLP,-1,screener,1,-311495,87.45,85.53,1.1632,1.651,1,1,1,0,0
2026-08-24,XPO,-1,screener,1,-321553,191.99,185.98,6.3564,0.946,0,1,1,0,0
2026-08-24,ZS,-1,screener,1,-1834860,176.06,172.73,7.9301,0.42,0,0,1,0,0
2026-08-26,AMD,-1,screener,1,-493800,480.93,477.57,19.8688,0.169,0,0,1,1,0
2026-08-26,APLD,-1,screener,1,-291902,26.87,26.37,2.0021,0.25,0,0,1,0,0
2026-08-26,APO,-1,screener,1,-493035,133.67,133.67,4.3215,-0.0,0,0,0,0,0
2026-08-26,ARM,1,screener,1,363137,251.06,252.09,15.3477,0.067,0,0,1,0,0
2026-08-26,AVGO,1,screener,1,3232795,355.59,357.895,12.8396,0.18,0,0,1,0,0
2026-08-26,CCCC,1,screener,1,767389,4.24,3.76,0.2485,-1.932,0,0,0,0,0
2026-08-26,CPRI,1,screener,1,376359,13.6,13.56,0.5541,-0.072,0,0,0,0,0
2026-08-26,CRCL,1,screener,1,852983,89.91,102.05,5.889,2.061,1,1,1,0,0
2026-08-26,DIS,-1,screener,1,-719752,109.63,105.31,2.1824,1.979,1,1,1,0,0
2026-08-26,DRAM,1,screener,1,1335248,56.39,59.69,3.0405,1.085,1,1,1,0,0
2026-08-26,DUST,1,screener,1,359561,30.77,32.25,3.1257,0.473,0,0,1,0,0
2026-08-26,DY,-1,screener,1,-655095,310.91,300.23,19.7932,0.54,0,1,1,0,0
2026-08-26,EWT,1,screener,1,535105,106.39,112.18,1.8939,3.057,1,1,1,0,0
2026-08-26,FTEC,1,screener,1,546243,281.66,289.31,4.287,1.784,1,1,1,0,0
2026-08-26,GDX,-1,screener,1,-1533459,102.42,99.26,3.7521,0.842,0,1,1,0,0
2026-08-26,GLD,1,screener,2,4489512,421.32,406.77,7.3971,-1.967,0,0,0,1,1
2026-08-26,HL,1,screener,1,973670,20.7,20.68,1.0113,-0.02,0,0,0,0,0
2026-08-26,IBIT,-1,screener,1,-681123,44.46,45.23,1.1936,-0.645,0,0,0,0,0
2026-08-26,IGV,-1,screener,1,-480847,102.39,104.57,2.3465,-0.929,0,0,0,0,0
2026-08-26,IONQ,1,screener,1,291584,40.03,39.52,2.8771,-0.177,0,0,0,0,0
2026-08-26,IWM,-1,screener,1,-285497,298.93,296.01,2.7136,1.076,1,1,1,0,0
2026-08-26,IYW,1,screener,1,482560,246.67,253.31,3.4743,1.911,1,1,1,0,0
2026-08-26,JPM,1,screener,1,290323,356.5,358.64,5.1492,0.416,0,0,1,0,0
2026-08-26,KSS,1,screener,1,282558,17.94,19.44,0.9916,1.513,1,1,1,0,0
2026-08-26,LVS,1,screener,1,262414,46.23,44.37,0.9992,-1.861,0,0,0,0,0
2026-08-26,META,1,screener,1,1663629,576.14,616.77,17.9943,2.258,1,1,1,0,0
2026-08-26,MRNA,-1,screener,1,-1026880,149.66,145.55,18.9159,0.217,0,0,1,0,0
2026-08-26,MU,1,screener,2,5510596,938.4,1016.59,51.1839,1.528,1,1,1,1,1
2026-08-26,NVDA,1,screener,1,1516931,209.66,230.36,5.4384,3.806,1,1,1,1,1
2026-08-26,OKTA,-1,screener,1,-270673,134.42,170.6,6.8471,-5.284,0,0,0,0,0
2026-08-26,PDD,-1,screener,1,-2813231,86.74,82.21,2.6956,1.681,1,1,1,0,0
2026-08-26,POWL,1,screener,1,3206115,191.75,181.17,9.4165,-1.124,0,0,0,0,0
2026-08-26,QBTS,1,screener,1,277352,17.51,16.58,1.2237,-0.76,0,0,0,0,0
2026-08-26,QQQ,-1,screener,2,-642004,711.37,718.96,7.9995,-0.949,0,0,0,0,0
2026-08-26,ROKU,-1,screener,1,-262295,158.6,155.59,1.985,1.516,1,1,1,0,0
2026-08-26,RXT,1,screener,1,334079,3.4,3.19,0.3998,-0.525,0,0,0,0,0
2026-08-26,SAP,1,screener,1,629164,211.68,215.11,5.6956,0.602,0,1,1,0,0
2026-08-26,SJM,-1,screener,1,-338666,130.9,126.08,3.2212,1.496,1,1,1,0,0
2026-08-26,SKHY,-1,screener,1,-1930848,158.02,177.0,9.3752,-2.024,0,0,0,0,0
2026-08-26,SMH,1,screener,1,4019202,555.77,567.01,14.8129,0.759,0,1,1,0,0
2026-08-26,SOXL,-1,screener,1,-711671,116.6,117.28,12.1822,-0.056,0,0,0,0,0
2026-08-26,SPY,-1,screener,1,-6766543,766.08,770.19,4.7771,-0.86,0,0,0,1,1
2026-08-26,TRMD,-1,screener,1,-449431,30.08,35.18,0.8724,-5.846,0,0,0,0,0
2026-08-26,UBER,-1,screener,1,-454718,78.49,75.76,2.8249,0.966,0,1,1,0,0
2026-08-26,UNH,1,screener,1,347962,401.01,397.14,8.176,-0.473,0,0,0,0,0
2026-08-26,XLF,1,screener,1,429408,58.26,58.1,0.5475,-0.292,0,0,0,0,0
2026-08-28,AKAM,-1,screener,1,-408510,107.47,110.75,4.6759,-0.701,0,0,0,0,0
2026-08-28,ALK,1,screener,1,253345,42.32,40.36,1.6662,-1.176,0,0,0,0,0
2026-08-28,AMZN,1,screener,1,2157750,266.43,252.4,5.8058,-2.417,0,0,0,1,1
2026-08-28,ANF,-1,screener,1,-455652,148.42,152.08,8.2236,-0.445,0,0,0,0,0
2026-08-28,ARKK,-1,screener,1,-389381,84.59,84.56,2.255,0.013,0,0,1,0,0
2026-08-28,ASST,1,screener,1,273604,21.74,26.69,1.6161,3.063,1,1,1,0,0
2026-08-28,AXTI,1,screener,1,662360,58.63,68.91,8.495,1.21,1,1,1,0,0
2026-08-28,CBRS,1,screener,1,1556311,179.08,196.2,19.852,0.862,0,1,1,0,0
2026-08-28,CCJ,-1,screener,1,-552839,100.01,100.41,3.9986,-0.1,0,0,0,0,0
2026-08-28,CRM,-1,screener,1,-1760373,256.0,244.16,10.8695,1.089,1,1,1,0,0
2026-08-28,CVX,1,screener,1,1364295,201.86,213.81,3.448,3.466,1,1,1,0,0
2026-08-28,DIA,-1,screener,1,-273348,535.06,524.07,3.6387,3.02,1,1,1,0,0
2026-08-28,DRAM,1,screener,1,703841,55.83,61.58,3.0246,1.901,1,1,1,0,0
2026-08-28,FCX,1,screener,1,319360,76.45,76.23,2.8071,-0.078,0,0,0,0,0
2026-08-28,FXI,-1,screener,1,-646855,35.51,34.55,0.4225,2.272,1,1,1,0,0
2026-08-28,GDX,-1,screener,1,-7067224,99.65,99.47,3.6317,0.05,0,0,1,0,0
2026-08-28,GH,-1,screener,2,-1469045,161.5,162.78,7.0689,-0.181,0,0,0,0,0
2026-08-28,GPRE,1,screener,1,299194,14.66,15.64,0.7582,1.293,1,1,1,0,0
2026-08-28,IBIT,1,screener,1,263096,43.9,44.29,1.3275,0.294,0,0,1,0,0
2026-08-28,INTC,1,screener,1,1061458,89.47,106.24,4.6906,3.575,1,1,1,0,0
2026-08-28,IWM,-1,screener,1,-5377444,295.75,290.64,2.759,1.852,1,1,1,1,0
2026-08-28,IYW,1,screener,1,754895,251.2,252.88,3.7931,0.443,0,0,1,0,0
2026-08-28,KWEB,1,screener,1,599970,26.32,24.78,0.5003,-3.078,0,0,0,0,0
2026-08-28,MAGS,1,screener,1,504215,69.07,69.32,0.9064,0.276,0,0,1,0,0
2026-08-28,META,-1,screener,1,-5725313,578.02,653.69,18.6843,-4.05,0,0,0,0,0
2026-08-28,MRVL,1,screener,1,1491995,216.62,235.01,16.5271,1.113,1,1,1,1,1
2026-08-28,MSFT,1,screener,1,3021013,513.53,491.65,9.7694,-2.24,0,0,0,1,1
2026-08-28,NEM,-1,screener,1,-3610426,127.98,128.71,4.6869,-0.156,0,0,0,0,0
2026-08-28,NVDA,-1,screener,1,-2260441,217.55,223.67,6.8757,-0.89,0,0,0,1,0
2026-08-28,PALL,1,screener,1,296265,25.79,24.57,0.6956,-1.754,0,0,0,0,0
2026-08-28,PCG,-1,screener,1,-257870,16.6,14.19,0.6711,3.591,1,1,1,0,0
2026-08-28,PDD,-1,screener,1,-1332662,85.69,78.61,2.7795,2.547,1,1,1,0,0
2026-08-28,PL,1,screener,1,588337,19.98,17.22,1.1143,-2.477,0,0,0,0,0
2026-08-28,QCOM,1,screener,2,663058,164.19,176.4,4.5705,2.671,1,1,1,0,0
2026-08-28,QQQ,1,screener,1,3065064,716.43,716.31,8.4067,-0.014,0,0,0,0,0
2026-08-28,REGN,-1,screener,1,-880500,794.19,807.65,17.9782,-0.749,0,0,0,0,0
2026-08-28,SOXL,-1,screener,1,-2653715,111.34,125.87,11.8472,-1.226,0,0,0,0,0
2026-08-28,SPY,-1,screener,1,-3970549,769.35,762.4,5.0973,1.363,1,1,1,0,0
2026-08-28,SQQQ,1,screener,1,402800,38.54,38.64,1.3328,0.075,0,0,1,0,0
2026-09-01,AAPL,1,screener,1,11660395,325.13,332.27,6.6611,1.072,1,1,1,0,0
2026-09-01,AFRM,-1,screener,1,-272891,69.94,71.44,4.3171,-0.347,0,0,0,0,0
2026-09-01,AGI,-1,screener,1,-911726,34.92,35.92,1.5188,-0.658,0,0,0,0,0
2026-09-01,ALKS,-1,screener,1,-445572,47.2,45.97,1.3779,0.893,0,1,1,0,0
2026-09-01,AMAT,1,screener,1,3340616,441.85,456.49,22.0646,0.664,0,1,1,0,0
2026-09-01,AMD,1,screener,1,1465502,459.61,516.13,19.1709,2.948,1,1,1,0,0
2026-09-01,ARKK,-1,screener,1,-539288,83.08,83.58,2.4025,-0.208,0,0,0,0,0
2026-09-01,ASST,1,screener,1,279382,24.0,27.62,1.8476,1.959,1,1,1,0,0
2026-09-01,BNO,1,screener,1,2355847,55.56,61.37,1.4618,3.975,1,1,1,1,1
2026-09-01,BRZE,1,screener,1,461651,32.78,23.94,1.6106,-5.489,0,0,0,0,0
2026-09-01,CBRS,1,screener,1,1527242,172.62,191.93,18.0218,1.071,1,1,1,0,0
2026-09-01,COIN,-1,screener,1,-816470,176.82,175.26,11.9021,0.131,0,0,1,0,0
2026-09-01,EEM,-1,screener,1,-1720369,66.77,67.84,0.9627,-1.111,0,0,0,0,0
2026-09-01,FHN,1,screener,1,2005289,24.03,24.47,0.4352,1.011,1,1,1,0,0
2026-09-01,GDX,-1,screener,1,-789035,94.67,97.1,3.8067,-0.638,0,0,0,0,0
2026-09-01,HESM,-1,screener,1,-624356,40.23,39.97,0.8355,0.311,0,0,1,0,0
2026-09-01,IBIT,-1,screener,1,-628117,43.76,43.77,1.4261,-0.007,0,0,0,0,0
2026-09-01,IREN,1,screener,1,330691,36.82,43.83,3.2571,2.152,1,1,1,0,0
2026-09-01,IRM,1,screener,1,550407,114.22,115.18,4.1596,0.231,0,0,1,0,0
2026-09-01,IWM,1,screener,2,23951,290.57,288.89,2.9429,-0.571,0,0,0,1,0
2026-09-01,KRE,-1,screener,2,-10275759,72.62,73.9,1.0443,-1.226,0,0,0,0,0
2026-09-01,LITE,1,screener,1,606542,868.95,927.03,68.1497,0.852,0,1,1,0,0
2026-09-01,LYB,-1,screener,1,-441720,65.17,63.69,1.9896,0.744,0,1,1,0,0
2026-09-01,META,1,screener,1,1104620,578.54,648.03,18.1891,3.82,1,1,1,0,0
2026-09-01,MRNA,1,screener,1,2250127,154.27,143.97,21.1895,-0.486,0,0,0,0,0
2026-09-01,MRVL,-1,screener,1,-250032,210.39,236.1,16.4504,-1.563,0,0,0,1,0
2026-09-01,MU,1,screener,1,5129924,933.44,975.26,49.4503,0.846,0,1,1,0,0
2026-09-01,OKLO,1,screener,1,366632,38.53,36.22,2.8716,-0.804,0,0,0,0,0
2026-09-01,OSCR,1,screener,1,840823,29.83,32.77,1.7434,1.686,1,1,1,0,0
2026-09-01,PCG,1,screener,1,586624,14.06,13.8,0.9972,-0.261,0,0,0,0,0
2026-09-01,QQQ,-1,screener,1,-7697174,707.64,714.88,8.3974,-0.862,0,0,0,0,0
2026-09-01,ROST,-1,screener,1,-714161,229.24,230.74,6.949,-0.216,0,0,0,0,0
2026-09-01,SCCO,-1,screener,1,-742250,201.61,193.49,8.8831,0.914,0,1,1,0,0
2026-09-01,SHEL,-1,screener,1,-294634,93.51,96.77,1.3185,-2.473,0,0,0,0,0
2026-09-01,SNDK,-1,screener,2,-3451106,1536.87,1633.35,127.3858,-0.757,0,0,0,1,1
2026-09-01,SOXL,1,screener,3,9114017,105.91,121.82,11.4114,1.394,1,1,1,0,0
2026-09-01,SPY,-1,screener,3,-12123385,761.78,764.29,5.2727,-0.476,0,0,0,1,1
2026-09-01,TLT,-1,screener,2,-33542,81.87,80.87,0.7481,1.337,1,1,1,0,0
2026-09-01,TQQQ,-1,screener,2,-666889,69.15,70.98,2.5524,-0.717,0,0,0,0,0
2026-09-01,U,-1,screener,1,-295102,40.92,43.96,1.5821,-1.921,0,0,0,0,0
2026-09-01,UGL,1,screener,1,3416838,49.95,50.31,2.1071,0.171,0,0,1,0,0
2026-09-01,USO,-1,screener,2,-697624,141.0,154.9,3.8393,-3.62,0,0,0,0,0
2026-09-01,VRT,-1,screener,1,-1044373,255.97,257.06,12.1388,-0.09,0,0,0,0,0
2026-09-01,XLE,1,screener,1,380346,64.77,65.14,1.0984,0.337,0,0,1,0,0
2026-09-01,XLV,1,screener,1,550520,171.67,165.36,2.6055,-2.422,0,0,0,0,0
2026-09-03,ALMS,1,screener,1,1143472,11.36,8.4,2.2456,-1.318,0,0,0,0,0
2026-09-03,AMD,-1,screener,2,-7696904,456.16,504.2,17.7759,-2.703,0,0,0,0,0
2026-09-03,ANET,1,screener,1,497221,191.44,192.84,7.2925,0.192,0,0,1,0,0
2026-09-03,CBIO,1,screener,1,1041387,20.4,18.8,1.3518,-1.184,0,0,0,0,0
2026-09-03,CIEN,-1,screener,1,-1341355,317.46,334.33,25.4714,-0.662,0,0,0,0,0
2026-09-03,COIN,1,screener,1,1165183,192.7,172.11,12.9065,-1.595,0,0,0,0,0
2026-09-03,CRDO,-1,screener,1,-1221039,164.17,150.39,18.984,0.726,0,1,1,0,0
2026-09-03,CRWD,1,screener,1,348700,214.97,242.49,13.926,1.976,1,1,1,0,0
2026-09-03,CVNA,-1,screener,1,-471980,73.43,66.9,3.6623,1.783,1,1,1,0,0
2026-09-03,DIA,-1,screener,1,-1201185,536.93,521.23,4.1404,3.792,1,1,1,0,0
2026-09-03,DPRO,1,screener,1,6835105,6.43,5.35,0.3641,-2.966,0,0,0,1,0
2026-09-03,ESTC,1,screener,1,679950,96.13,85.16,5.7307,-1.914,0,0,0,0,0
2026-09-03,ETHA,1,screener,1,505448,19.02,18.2,0.7412,-1.106,0,0,0,0,0
2026-09-03,HCA,-1,screener,1,-1567470,409.2,423.82,11.1982,-1.306,0,0,0,0,0
2026-09-03,HNGE,-1,screener,1,-357977,90.76,92.39,4.6178,-0.353,0,0,0,0,0
2026-09-03,HOOD,1,screener,1,2220145,124.72,110.45,7.2536,-1.967,0,0,0,0,0
2026-09-03,HPE,-1,screener,1,-1448687,54.44,55.88,2.9125,-0.494,0,0,0,0,0
2026-09-03,IBIT,1,screener,2,8920009,46.35,43.11,1.5668,-2.068,0,0,0,0,0
2026-09-03,INTC,1,screener,1,745925,91.67,97.14,4.2431,1.289,1,1,1,0,0
2026-09-03,IOT,1,screener,1,628178,38.75,41.65,1.9663,1.475,1,1,1,0,0
2026-09-03,IREN,-1,screener,1,-254719,41.65,41.58,3.1489,0.022,0,0,1,0,0
2026-09-03,MDT,1,screener,1,1726138,93.1,93.75,2.2548,0.288,0,0,1,0,0
2026-09-03,MRVL,-1,screener,1,-996892,208.83,221.7,16.2961,-0.79,0,0,0,0,0
2026-09-03,MSTR,1,screener,1,8754993,144.82,129.6,9.9169,-1.535,0,0,0,0,0
2026-09-03,MU,-1,screener,1,-704679,958.16,927.6,47.0256,0.65,0,1,1,1,0
2026-09-03,NEM,-1,screener,1,-349888,130.43,124.19,4.9209,1.268,1,1,1,0,0
2026-09-03,NVDA,1,screener,2,5739987,228.45,212.17,7.3871,-2.204,0,0,0,1,1
2026-09-03,PATH,-1,screener,1,-289108,18.22,14.23,0.7581,5.263,1,1,1,0,0
2026-09-03,PINS,1,screener,1,455431,20.85,18.76,0.8121,-2.574,0,0,0,0,0
2026-09-03,QQQ,-1,screener,1,-1844142,717.67,704.54,8.2577,1.59,1,1,1,0,0
2026-09-03,RARE,1,screener,1,1662596,14.85,13.07,2.0661,-0.862,0,0,0,0,0
2026-09-03,RKT,1,screener,1,814995,14.22,13.19,0.62,-1.661,0,0,0,0,0
2026-09-03,SLV,-1,screener,2,-8739,60.55,57.53,1.9625,1.539,1,1,1,0,0
2026-09-03,SOXL,1,screener,1,2279581,106.74,102.32,11.0943,-0.398,0,0,0,0,0
2026-09-03,SPCX,-1,screener,1,-390301,149.74,143.49,6.407,0.975,0,1,1,0,0
2026-09-03,SPY,-1,screener,2,-9628930,773.17,757.39,5.5098,2.864,1,1,1,0,0
2026-09-03,SQQQ,1,screener,1,737008,38.34,40.62,1.3349,1.708,1,1,1,0,0
2026-09-03,TLT,1,screener,1,472699,82.07,80.71,0.6854,-1.984,0,0,0,0,0
2026-09-03,TQQQ,-1,screener,1,-1180508,72.03,67.9,2.4891,1.659,1,1,1,0,0
2026-09-03,TSLA,-1,screener,1,-3143137,376.365,356.58,14.1171,1.401,1,1,1,0,0
2026-09-08,AKAM,1,screener,1,1826709,105.61,107.08,4.1229,0.357,0,0,1,0,0
2026-09-08,AMKR,-1,screener,1,-388355,50.72,47.95,2.5972,1.067,1,1,1,0,0
2026-09-08,BMNR,1,screener,1,287499,24.77,23.89,1.8964,-0.464,0,0,0,0,0
2026-09-08,BNO,-1,screener,1,-873548,57.73,60.91,1.5257,-2.084,0,0,0,0,0
2026-09-08,BSX,-1,screener,1,-459540,44.98,43.55,2.0067,0.713,0,1,1,0,0
2026-09-08,CLSK,1,screener,1,1121035,13.48,13.35,0.9715,-0.134,0,0,0,0,0
2026-09-08,COPX,1,screener,1,1273957,94.38,86.61,2.9433,-2.64,0,0,0,0,0
2026-09-08,CORZ,1,screener,1,5682911,18.73,17.14,1.0432,-1.524,0,0,0,0,0
2026-09-08,CRM,-1,screener,1,-663235,249.12,242.85,11.8124,0.531,0,1,1,0,0
2026-09-08,CRWV,1,screener,1,2618236,99.83,79.88,5.2043,-3.833,0,0,0,0,0
2026-09-08,DIA,1,screener,2,382750,528.03,518.35,4.5104,-2.146,0,0,0,0,0
2026-09-08,DOW,-1,screener,1,-344555,29.57,29.49,1.0486,0.076,0,0,1,0,0
2026-09-08,DRAM,1,screener,2,3445782,61.1,57.78,2.3233,-1.429,0,0,0,0,0
2026-09-08,EEM,-1,screener,1,-474377,68.83,66.91,0.8379,2.291,1,1,1,0,0
2026-09-08,EWY,-1,screener,1,-573283,189.91,182.39,5.0193,1.498,1,1,1,1,0
2026-09-08,GLD,1,screener,1,290694,399.72,398.36,8.5914,-0.158,0,0,0,0,0
2026-09-08,HOOD,1,screener,1,4827991,117.34,109.81,7.6203,-0.988,0,0,0,1,1
2026-09-08,IBIT,1,screener,1,344203,44.39,43.3,1.6793,-0.649,0,0,0,0,0
2026-09-08,INTC,1,screener,2,3904026,104.47,108.8,4.3966,0.985,0,1,1,1,1
2026-09-08,IREN,1,screener,1,955997,46.93,43.48,3.2868,-1.05,0,0,0,0,0
2026-09-08,IWM,-1,screener,1,-1923849,294.67,285.43,2.9715,3.11,1,1,1,0,0
2026-09-08,KDP,1,screener,1,562612,32.55,31.43,0.667,-1.679,0,0,0,0,0
2026-09-08,LITE,-1,screener,1,-10988157,978.535,893.61,63.1272,1.345,1,1,1,0,0
2026-09-08,LLY,1,screener,1,1869175,1123.91,1152.44,34.4938,0.827,0,1,1,0,0
2026-09-08,MCD,1,screener,1,1141970,255.81,248.48,4.1486,-1.767,0,0,0,0,0
2026-09-08,MTUM,1,screener,1,2682913,308.69,306.12,5.2341,-0.491,0,0,0,0,0
2026-09-08,NOK,1,screener,1,274236,10.65,10.6,0.4033,-0.124,0,0,0,0,0
2026-09-08,OMC,-1,screener,1,-646280,81.13,78.6,2.3118,1.094,1,1,1,0,0
2026-09-08,PCG,1,screener,1,392643,14.82,13.38,1.0911,-1.32,0,0,0,0,0
2026-09-08,PYPL,-1,screener,1,-257657,53.18,52.94,2.1232,0.113,0,0,1,0,0
2026-09-08,RMD,-1,screener,1,-406875,221.05,228.42,6.5382,-1.127,0,0,0,0,0
2026-09-08,RUN,1,screener,1,418026,9.22,8.725,0.416,-1.19,0,0,0,0,0
2026-09-08,SOXL,-1,screener,1,-866981,123.27,114.82,9.7083,0.87,0,1,1,0,0
2026-09-08,SOXX,1,screener,3,8433497,528.4,519.1,14.4294,-0.645,0,0,0,0,0
2026-09-08,SPY,-1,screener,3,-98744,765.96,762.6,5.453,0.616,0,1,1,1,1
2026-09-08,STM,1,screener,1,703154,51.97,48.61,1.4821,-2.267,0,0,0,0,0
2026-09-08,TQQQ,1,screener,1,8637357,72.16,71.38,2.3035,-0.339,0,0,0,0,0
2026-09-08,TSM,1,screener,1,1552993,439.0,430.26,10.2744,-0.851,0,0,0,0,0
2026-09-08,URA,1,screener,1,497164,47.5,42.68,1.7449,-2.762,0,0,0,0,0
2026-09-08,USO,-1,screener,1,-3978255,146.03,155.31,4.0073,-2.316,0,0,0,0,0
2026-09-08,V,-1,screener,1,-403255,368.64,369.93,6.2688,-0.206,0,0,0,0,0
2026-09-08,WULF,1,screener,1,626750,17.86,16.47,1.1153,-1.246,0,0,0,0,0
2026-09-08,WYNN,1,screener,1,550715,92.22,82.96,2.585,-3.582,0,0,0,0,0
2026-09-08,XLE,-1,screener,2,-1402142,64.77,64.48,1.1328,0.256,0,0,1,0,0
2026-09-08,XLK,-1,screener,1,-1734434,187.87,188.06,3.0882,-0.062,0,0,0,0,0
2026-09-08,XLV,-1,screener,1,-310711,167.13,168.81,2.8241,-0.595,0,0,0,0,0
2026-09-10,AAPL,1,screener,3,12724177,326.57,338.98,7.5196,1.65,1,1,1,0,0
2026-09-10,BNO,-1,screener,1,-3103853,63.13,58.87,1.7568,2.425,1,1,1,0,0
2026-09-10,CRWD,1,screener,1,2115906,208.86,249.35,13.1606,3.077,1,1,1,1,1
2026-09-10,CVNA,1,screener,1,2257811,70.28,67.18,3.1259,-0.992,0,0,0,0,0
2026-09-10,DRAM,1,screener,2,115762,58.56,61.58,2.3165,1.304,1,1,1,0,0
2026-09-10,EQT,1,screener,1,2174752,54.96,50.13,1.4446,-3.343,0,0,0,0,0
2026-09-10,EWJ,-1,screener,1,-629750,96.44,97.96,1.0497,-1.448,0,0,0,0,0
2026-09-10,FRVO,1,screener,1,344843,15.73,16.83,1.7292,0.636,0,1,1,0,0
2026-09-10,FSLR,1,screener,1,1432308,207.17,199.84,8.1297,-0.902,0,0,0,0,0
2026-09-10,GDX,-1,screener,1,-388007,96.03,94.43,3.5217,0.454,0,0,1,0,0
2026-09-10,GLD,1,screener,2,930307,396.36,398.38,8.0671,0.25,0,0,1,0,0
2026-09-10,GOOG,-1,screener,1,-7738504,330.39,350.87,6.701,-3.056,0,0,0,1,0
2026-09-10,GOOGL,1,screener,2,722907,332.6,354.97,6.9946,3.198,1,1,1,0,0
2026-09-10,GXO,1,screener,1,1524600,45.43,45.4,1.3311,-0.023,0,0,0,0,0
2026-09-10,IEF,1,screener,1,738359,91.18,91.15,0.3653,-0.082,0,0,0,0,0
2026-09-10,IONQ,1,screener,1,1109477,36.84,40.51,2.54,1.445,1,1,1,0,0
2026-09-10,IWM,1,screener,3,1747991,287.7,285.58,2.9686,-0.714,0,0,0,0,0
2026-09-10,KWEB,1,screener,1,285866,24.44,25.18,0.4339,1.705,1,1,1,0,0
2026-09-10,LVS,1,screener,1,300530,42.6,40.26,1.2186,-1.92,0,0,0,0,0
2026-09-10,MBB,-1,screener,1,-799646,91.48,91.59,0.3661,-0.3,0,0,0,0,0
2026-09-10,MSFT,1,screener,1,262199,492.44,501.61,10.1502,0.903,0,1,1,0,0
2026-09-10,NRG,1,screener,1,2726800,111.65,103.28,4.0676,-2.058,0,0,0,0,0
2026-09-10,QQQ,-1,screener,2,-1223950,708.69,741.47,7.6178,-4.303,0,0,0,1,0
2026-09-10,RDDT,1,screener,1,811533,155.34,158.73,7.5054,0.452,0,0,1,0,0
2026-09-10,SCHD,-1,screener,1,-957557,33.99,33.72,0.2892,0.934,0,1,1,0,0
2026-09-10,SLV,-1,screener,2,-322894,57.5,59.63,1.8982,-1.122,0,0,0,0,0
2026-09-10,SMH,-1,screener,1,-652695,560.28,596.03,13.84,-2.583,0,0,0,0,0
2026-09-10,SOXL,-1,screener,1,-1450365,115.76,141.93,9.388,-2.788,0,0,0,0,0
2026-09-10,SOXX,-1,screener,1,-1866217,517.43,559.34,14.0466,-2.984,0,0,0,0,0
2026-09-10,SPY,-1,screener,3,-9350758,757.83,773.5,5.363,-2.922,0,0,0,1,0
2026-09-10,SQQQ,-1,screener,2,-90150,39.9,34.6,1.2451,4.257,1,1,1,0,0
2026-09-10,T,1,screener,1,313829,25.55,25.45,0.5071,-0.197,0,0,0,0,0
2026-09-10,TQQQ,1,screener,2,620773,69.21,78.91,2.2731,4.267,1,1,1,0,0
2026-09-10,VRT,-1,screener,1,-1291828,248.13,250.86,13.57,-0.201,0,0,0,0,0
2026-09-10,VSAT,1,screener,1,1123676,74.18,76.38,3.8835,0.566,0,1,1,0,0
2026-09-10,XLK,1,screener,1,1191498,185.22,194.85,2.9764,3.235,1,1,1,0,0
2026-09-14,AAL,1,screener,1,537304,13.1,13.35,0.375,0.667,0,1,1,0,0
2026-09-14,ABVX,-1,screener,1,-374630,113.58,94.13,4.2977,4.526,1,1,1,0,0
2026-09-14,AMZN,1,screener,2,1821561,253.54,249.27,5.7257,-0.746,0,0,0,0,0
2026-09-14,AVAV,-1,screener,1,-252148,153.4,155.94,8.0382,-0.316,0,0,0,0,0
2026-09-14,CMG,1,screener,1,405121,37.03,32.71,0.9904,-4.362,0,0,0,0,0
2026-09-14,CRWD,-1,screener,1,-2075077,235.38,262.49,15.2013,-1.783,0,0,0,0,0
2026-09-14,DFTX,-1,screener,1,-277349,40.25,37.65,1.9667,1.322,1,1,1,0,0
2026-09-14,DRAM,1,screener,1,653913,54.8,61.9,2.3397,3.035,1,1,1,0,0
2026-09-14,EQT,-1,screener,1,-825696,53.21,51.06,1.5264,1.409,1,1,1,0,0
2026-09-14,ETHA,1,screener,1,500121,19.17,20.21,0.6307,1.649,1,1,1,0,0
2026-09-14,EUFN,-1,screener,1,-279625,41.92,40.3,0.4754,3.408,1,1,1,0,0
2026-09-14,EWY,-1,screener,1,-463494,176.22,185.65,5.6996,-1.655,0,0,0,0,0
2026-09-14,GLW,1,screener,1,5972567,143.6,154.48,7.7213,1.409,1,1,1,0,0
2026-09-14,GOOG,-1,screener,1,-1177860,345.71,334.98,7.1739,1.496,1,1,1,1,0
2026-09-14,GOOGL,1,screener,1,386183,349.39,337.83,7.486,-1.544,0,0,0,0,0
2026-09-14,HPE,-1,screener,1,-266685,55.41,62.33,3.7714,-1.835,0,0,0,0,0
2026-09-14,IBIT,-1,screener,2,-189977,44.74,47.88,1.3003,-2.415,0,0,0,0,0
2026-09-14,IGV,-1,screener,1,-412654,106.64,108.1,3.1906,-0.458,0,0,0,0,0
2026-09-14,INTC,1,screener,1,320561,97.19,122.6,4.8301,5.261,1,1,1,1,0
2026-09-14,INTU,1,screener,1,1604318,339.15,286.8,16.0081,-3.27,0,0,0,0,0
2026-09-14,IWM,1,screener,1,1406394,287.91,281.92,3.0618,-1.956,0,0,0,1,1
2026-09-14,JETS,1,screener,1,285666,28.18,28.25,0.5992,0.117,0,0,1,0,0
2026-09-14,KMB,-1,screener,1,-320186,99.09,97.7,2.3232,0.598,0,1,1,0,0
2026-09-14,KWEB,-1,screener,2,-215794,24.73,24.85,0.4218,-0.284,0,0,0,0,0
2026-09-14,MAGS,-1,screener,1,-269020,70.1,72.08,0.9618,-2.059,0,0,0,0,0
2026-09-14,MPC,-1,screener,1,-823585,396.45,388.38,12.2296,0.66,0,1,1,0,0
2026-09-14,MRVL,1,screener,1,1815960,218.82,260.9,13.6614,3.08,1,1,1,0,0
2026-09-14,MSCI,1,screener,1,1292210,553.65,555.7,12.4827,0.164,0,0,1,0,0
2026-09-14,MSFT,-1,screener,1,-866537,505.41,500.59,10.4761,0.46,0,0,1,0,0
2026-09-14,NRG,1,screener,1,696407,108.47,100.72,4.2147,-1.839,0,0,0,0,0
2026-09-14,NUE,1,screener,1,608250,254.63,246.98,7.0058,-1.092,0,0,0,0,0
2026-09-14,NVDA,1,screener,2,631372,210.96,225.51,7.7657,1.874,1,1,1,0,0
2026-09-14,NXT,1,screener,1,838993,82.62,81.81,3.7233,-0.218,0,0,0,0,0
2026-09-14,PEP,-1,screener,1,-434640,136.34,130.18,2.0448,3.013,1,1,1,0,0
2026-09-14,PLTR,-1,screener,1,-648579,173.31,191.79,7.5857,-2.436,0,0,0,0,0
2026-09-14,PSX,-1,screener,1,-385186,257.06,256.48,7.2849,0.08,0,0,1,0,0
2026-09-14,QCOM,-1,screener,1,-536699,180.15,197.24,7.1748,-2.382,0,0,0,0,0
2026-09-14,QQQ,-1,screener,2,-16035447,709.18,741.21,7.8939,-4.058,0,0,0,1,1
2026-09-14,SOXL,-1,screener,1,-365086,101.13,146.25,9.8172,-4.596,0,0,0,0,0
2026-09-14,SPY,-1,screener,2,-10724479,760.88,767.81,5.793,-1.196,0,0,0,1,0
2026-09-14,TLT,-1,screener,2,-395809,80.93,80.46,0.6651,0.707,0,1,1,0,0
2026-09-14,TQQQ,-1,screener,1,-323961,69.27,78.66,2.3467,-4.001,0,0,0,0,0
2026-09-14,TSM,1,screener,1,574469,418.01,446.57,10.1292,2.82,1,1,1,1,1
2026-09-14,UBER,-1,screener,1,-440849,72.63,69.42,2.5069,1.28,1,1,1,0,0
2026-09-14,USO,-1,screener,2,-1334160,156.66,148.83,4.8476,1.615,1,1,1,0,0
2026-09-14,XOM,1,screener,1,3622136,165.08,161.23,3.5786,-1.076,0,0,0,0,0
2026-09-16,ABVX,-1,screener,1,-1767031,102.23,91.06,4.7379,2.358,1,1,1,0,0
2026-09-16,AXTI,-1,screener,1,-332508,64.3,78.94,5.9474,-2.462,0,0,0,0,0
2026-09-16,BA,1,screener,1,423620,201.96,198.07,5.0152,-0.776,0,0,0,0,0
2026-09-16,CCI,1,screener,1,3592039,73.22,67.84,2.0017,-2.688,0,0,0,0,0
2026-09-16,CCL,1,screener,1,401094,22.35,22.25,0.68,-0.147,0,0,0,0,0
2026-09-16,CIFR,-1,screener,1,-290812,16.72,17.73,1.5014,-0.673,0,0,0,0,0
2026-09-16,CRDO,1,screener,1,1800101,161.49,210.97,13.8909,3.562,1,1,1,0,0
2026-09-16,DHT,1,screener,1,1001489,23.04,21.78,0.7425,-1.697,0,0,0,0,0
2026-09-16,DIA,1,screener,1,532910,515.22,517.49,5.2086,0.436,0,0,1,0,0
2026-09-16,DRAM,-1,screener,1,-285466,55.33,61.91,2.3383,-2.814,0,0,0,0,0
2026-09-16,FPS,-1,screener,1,-252315,34.84,38.97,2.3519,-1.756,0,0,0,0,0
2026-09-16,GDX,-1,screener,1,-449485,92.8,92.87,3.5486,-0.02,0,0,0,0,0
2026-09-16,GDXJ,1,screener,1,978674,118.02,121.11,5.0793,0.608,0,1,1,0,0
2026-09-16,GLD,1,screener,2,29751,391.74,393.41,8.1778,0.204,0,0,1,0,0
2026-09-16,IBIT,-1,screener,2,-5051056,43.04,47.57,1.4157,-3.2,0,0,0,0,0
2026-09-16,IEF,1,screener,1,611034,90.73,90.0,0.3889,-1.877,0,0,0,0,0
2026-09-16,IRON,1,screener,1,513785,68.57,65.24,3.184,-1.046,0,0,0,0,0
2026-09-16,IWM,1,screener,3,3039017,283.92,281.97,3.5054,-0.556,0,0,0,0,0
2026-09-16,JPM,-1,screener,1,-381865,348.92,343.06,6.7852,0.864,0,1,1,0,0
2026-09-16,MCD,1,screener,1,907528,248.56,236.5,4.2056,-2.868,0,0,0,0,0
2026-09-16,MDT,1,screener,1,327315,92.6,88.64,2.4461,-1.619,0,0,0,0,0
2026-09-16,MGM,1,screener,1,530044,38.39,32.58,0.9129,-6.364,0,0,0,0,0
2026-09-16,MSTR,-1,screener,1,-370572,126.18,158.61,9.6371,-3.365,0,0,0,0,0
2026-09-16,OKLO,1,screener,1,1224303,35.62,38.04,2.3343,1.037,1,1,1,0,0
2026-09-16,OMC,-1,screener,1,-269020,79.33,76.15,2.3986,1.326,1,1,1,0,0
2026-09-16,OPCH,1,screener,1,637945,24.47,23.07,0.5996,-2.335,0,0,0,0,0
2026-09-16,ORCL,-1,screener,1,-617227,143.16,137.1,7.8964,0.767,0,1,1,0,0
2026-09-16,QQQ,1,screener,1,1276365,704.72,744.5,8.2514,4.821,1,1,1,1,0
2026-09-16,SMCI,1,screener,1,287797,36.85,43.26,2.1968,2.918,1,1,1,0,0
2026-09-16,SMH,-1,screener,2,-7235087,545.56,606.56,14.5754,-4.185,0,0,0,1,0
2026-09-16,SPY,-1,screener,4,-20584747,754.05,771.35,6.4823,-2.669,0,0,0,0,0
2026-09-16,TCBI,-1,screener,1,-300300,95.33,95.82,1.8448,-0.266,0,0,0,0,0
2026-09-16,TQQQ,-1,screener,2,-1273312,67.93,79.6,2.4456,-4.772,0,0,0,0,0
2026-09-16,TSLA,1,screener,1,1743154,358.08,372.11,14.0438,0.999,0,1,1,0,0
2026-09-18,AA,1,screener,1,1028611,44.43,41.97,1.95,-1.262,0,0,0,0,0
2026-09-18,AAPL,1,screener,1,9320573,336.13,329.4,7.7001,-0.874,0,0,0,0,0
2026-09-18,ABVX,-1,screener,1,-2234110,105.04,98.5,4.892,1.337,1,1,1,0,0
2026-09-18,ANET,1,screener,1,892836,199.39,202.86,7.7644,0.447,0,0,1,0,0
2026-09-18,ARKG,-1,screener,1,-1878818,51.64,53.95,1.6136,-1.432,0,0,0,0,0
2026-09-18,ASST,-1,screener,1,-679523,30.09,29.31,2.1403,0.364,0,0,1,0,0
2026-09-18,ASX,-1,screener,1,-1112280,41.63,45.31,1.596,-2.306,0,0,0,0,0
2026-09-18,AUR,-1,screener,1,-311573,6.31,5.39,0.3114,2.954,1,1,1,0,0
2026-09-18,BABA,-1,screener,1,-268740,113.24,107.74,2.5665,2.143,1,1,1,0,0
2026-09-18,BKNG,-1,screener,1,-298095,167.9,162.34,6.4934,0.856,0,1,1,0,0
2026-09-18,BMNR,1,screener,1,517809,25.99,26.73,1.9078,0.388,0,0,1,0,0
2026-09-18,COIN,-1,screener,1,-822686,194.25,190.02,12.9023,0.328,0,0,1,0,0
2026-09-18,CRCL,1,screener,1,495737,91.78,83.7,7.4441,-1.085,0,0,0,0,0
2026-09-18,CRWD,-1,screener,1,-520081,237.65,262.74,13.1194,-1.912,0,0,0,0,0
2026-09-18,DIA,1,screener,2,1778028,515.88,512.88,5.395,-0.556,0,0,0,0,0
2026-09-18,ERAS,1,screener,1,2849396,14.77,14.21,1.0504,-0.533,0,0,0,0,0
2026-09-18,EWY,1,screener,1,690250,181.31,187.1,6.0566,0.956,0,1,1,0,0
2026-09-18,FAST,1,screener,1,299151,49.01,49.96,0.9871,0.962,0,1,1,0,0
2026-09-18,GDS,1,screener,1,274953,32.79,31.28,1.1518,-1.311,0,0,0,0,0
2026-09-18,GOOG,1,screener,1,1410515,344.41,337.32,7.8238,-0.906,0,0,0,0,0
2026-09-18,GOOGL,1,screener,1,893137,349.54,340.92,8.1646,-1.056,0,0,0,0,0
2026-09-18,HYG,1,screener,1,852000,78.53,77.36,0.254,-4.606,0,0,0,0,0
2026-09-18,IBIT,1,screener,2,410543,46.02,47.33,1.4421,0.908,0,1,1,0,0
2026-09-18,IBKR,1,screener,1,1062182,90.69,86.18,3.0475,-1.48,0,0,0,0,0
2026-09-18,IGV,-1,screener,1,-391975,104.35,105.22,2.7545,-0.316,0,0,0,0,0
2026-09-18,INTC,-1,screener,1,-458230,108.6,115.93,5.5958,-1.31,0,0,0,0,0
2026-09-18,IREN,-1,screener,1,-264070,46.68,41.38,2.8469,1.862,1,1,1,0,0
2026-09-18,IWM,-1,screener,3,-1117620,284.1,279.01,3.5314,1.441,1,1,1,0,0
2026-09-18,LRCX,1,screener,1,3124681,288.11,323.86,13.9253,2.567,1,1,1,0,0
2026-09-18,MBB,1,screener,2,2398732,91.29,89.52,0.4182,-4.232,0,0,0,0,0
2026-09-18,META,1,screener,2,4475514,665.75,738.79,21.7883,3.352,1,1,1,0,0
2026-09-18,MPC,-1,screener,1,-863960,424.89,392.03,13.4781,2.438,1,1,1,0,0
2026-09-18,MRNA,-1,screener,1,-472640,154.04,203.46,10.2917,-4.802,0,0,0,0,0
2026-09-18,MSTR,1,screener,1,1826304,153.92,154.67,9.7343,0.077,0,0,1,0,0
2026-09-18,MUU,1,screener,1,1106973,33.72,36.63,2.7284,1.067,1,1,1,0,0
2026-09-18,NEE,-1,screener,1,-517099,80.47,75.89,1.2205,3.753,1,1,1,0,0
2026-09-18,PCG,-1,screener,1,-524165,13.2,12.18,0.8913,1.144,1,1,1,0,0
2026-09-18,QQQ,-1,screener,2,-3930839,721.45,737.93,8.3193,-1.981,0,0,0,0,0
2026-09-18,QUBT,1,screener,1,414679,8.7,8.46,0.346,-0.694,0,0,0,0,0
2026-09-18,RARE,1,screener,1,3033356,14.51,15.32,1.7503,0.463,0,0,1,0,0
2026-09-18,SHOP,-1,screener,1,-720943,128.5,148.26,6.0368,-3.273,0,0,0,0,0
2026-09-18,SMCI,-1,screener,1,-600693,39.09,41.02,2.3443,-0.823,0,0,0,0,0
2026-09-18,SMH,1,screener,1,517485,573.0,606.9,14.4517,2.346,1,1,1,0,0
2026-09-18,SOXL,-1,screener,1,-387769,123.67,147.0,9.7554,-2.391,0,0,0,0,0
2026-09-18,SPY,-1,screener,3,-11633946,761.69,764.2,6.5453,-0.383,0,0,0,1,1
2026-09-18,TEAM,-1,screener,1,-872170,192.02,175.96,8.9384,1.797,1,1,1,0,0
2026-09-18,TLT,1,screener,1,1346380,81.25,78.23,0.6923,-4.362,0,0,0,0,0
2026-09-18,TSLA,1,screener,1,1636956,364.27,352.84,14.208,-0.804,0,0,0,0,0
2026-09-18,TSM,-1,screener,1,-417933,434.67,456.94,9.729,-2.289,0,0,0,0,0
2026-09-18,TXN,1,screener,1,2002734,266.64,281.69,8.17,1.842,1,1,1,0,0
2026-09-18,UAL,1,screener,1,346600,108.71,112.65,3.591,1.097,1,1,1,0,0
2026-09-18,XBI,1,screener,1,2247203,156.72,156.81,3.7936,0.024,0,0,1,0,0
2026-09-18,XLK,1,screener,1,429178,189.6,194.5,2.9339,1.67,1,1,1,0,0
2026-09-22,AAPL,-1,screener,2,-1325120,339.75,330.32,7.1412,1.321,1,1,1,0,0
2026-09-22,ABVX,-1,screener,2,-2208572,98.29,95.1,5.0384,0.633,0,1,1,0,0
2026-09-22,AMD,-1,screener,1,-250365,623.77,615.73,25.5075,0.315,0,0,1,0,0
2026-09-22,ARM,1,screener,1,1066010,333.2,292.34,17.8941,-2.283,0,0,0,0,0
2026-09-22,AXTI,1,screener,1,1196248,77.79,81.81,5.941,0.677,0,1,1,0,0
2026-09-22,BABA,-1,screener,1,-362305,116.31,107.45,2.6155,3.387,1,1,1,0,0
2026-09-22,BAC,-1,screener,1,-465853,56.2,53.73,1.4479,1.706,1,1,1,0,0
2026-09-22,BKNG,1,screener,2,1920748,164.22,160.28,6.7585,-0.583,0,0,0,0,0
2026-09-22,C,-1,screener,1,-2028898,132.47,127.0,4.0396,1.354,1,1,1,0,0
2026-09-22,CF,-1,screener,1,-328130,120.59,114.54,5.7434,1.053,1,1,1,0,0
2026-09-22,CIFR,1,screener,1,2268374,19.09,15.46,1.5541,-2.336,0,0,0,0,0
2026-09-22,CLDX,1,screener,1,506640,33.51,32.18,2.1027,-0.633,0,0,0,0,0
2026-09-22,CLF,1,screener,1,1856031,12.53,11.47,0.5788,-1.831,0,0,0,0,0
2026-09-22,COP,-1,screener,1,-280000,125.27,127.06,3.5876,-0.499,0,0,0,0,0
2026-09-22,CRDO,-1,screener,1,-414733,192.56,210.17,12.0566,-1.461,0,0,0,0,0
2026-09-22,CRH,-1,screener,1,-780000,88.04,81.7,2.4832,2.553,1,1,1,0,0
2026-09-22,CVNA,-1,screener,1,-553342,65.4,63.04,3.0825,0.766,0,1,1,0,0
2026-09-22,DAL,1,screener,1,669080,83.92,84.13,2.2005,0.095,0,0,1,0,0
2026-09-22,EWG,-1,screener,1,-257545,42.65,40.82,0.4471,4.093,1,1,1,0,0
2026-09-22,FSLY,1,screener,1,411495,26.08,26.39,2.2039,0.141,0,0,1,0,0
2026-09-22,GDX,1,screener,1,1487796,97.83,86.74,3.3233,-3.337,0,0,0,0,0
2026-09-22,GEO,-1,screener,1,-327070,29.74,30.79,1.2113,-0.867,0,0,0,0,0
2026-09-22,GOOG,1,screener,1,3592217,347.41,334.93,8.3638,-1.492,0,0,0,0,0
2026-09-22,GOOGL,1,screener,1,335869,351.16,338.24,8.645,-1.495,0,0,0,0,0
2026-09-22,IBRX,1,screener,1,2118794,9.29,9.28,0.5418,-0.018,0,0,0,0,0
2026-09-22,IWM,1,screener,1,3514747,287.21,279.02,3.4389,-2.382,0,0,0,0,0
2026-09-22,KVYO,1,screener,1,936272,15.87,16.19,1.0086,0.317,0,0,1,0,0
2026-09-22,LITE,-1,screener,1,-2769112,945.67,1045.78,62.7996,-1.594,0,0,0,0,0
2026-09-22,MAGS,-1,screener,1,-994459,72.57,71.44,1.129,1.001,1,1,1,0,0
2026-09-22,META,-1,screener,1,-3618752,736.595,725.93,27.2264,0.392,0,0,1,0,0
2026-09-22,MSFT,-1,screener,1,-1143919,498.0,512.8,10.417,-1.421,0,0,0,0,0
2026-09-22,MTCH,-1,screener,1,-270889,41.71,40.13,1.2925,1.222,1,1,1,0,0
2026-09-22,MU,-1,screener,1,-3639875,1096.16,1097.39,45.8084,-0.027,0,0,0,0,0
2026-09-22,NCLH,1,screener,1,380228,14.22,14.64,0.5175,0.812,0,1,1,0,0
2026-09-22,NEM,1,screener,1,1032213,127.26,114.67,4.248,-2.964,0,0,0,0,0
2026-09-22,NKE,-1,screener,2,-2716634,36.1,35.15,0.9021,1.053,1,1,1,0,0
2026-09-22,NVDA,1,screener,2,3112075,228.87,230.86,5.9118,0.337,0,0,1,1,1
2026-09-22,NVDL,1,screener,1,642285,36.96,37.52,1.8371,0.305,0,0,1,0,0
2026-09-22,NVO,1,screener,1,648091,39.4,37.4,1.3666,-1.463,0,0,0,0,0
2026-09-22,ORBS,1,screener,1,330348,1.17,1.13,0.1322,-0.303,0,0,0,0,0
2026-09-22,ORCL,-1,screener,1,-313034,149.2,138.07,7.9629,1.398,1,1,1,0,0
2026-09-22,PCOR,-1,screener,2,-523124,50.85,51.66,2.3625,-0.343,0,0,0,0,0
2026-09-22,PSKY,1,screener,1,271972,10.11,9.34,0.5676,-1.357,0,0,0,0,0
2026-09-22,QQQ,-1,screener,1,-8126010,747.46,742.03,9.2242,0.589,0,1,1,0,0
2026-09-22,REMX,-1,screener,1,-320324,70.97,62.95,1.743,4.601,1,1,1,0,0
2026-09-22,SLV,1,screener,1,1555840,60.73,55.02,1.7335,-3.294,0,0,0,0,0
2026-09-22,SMH,-1,screener,1,-4479745,607.46,617.81,16.0127,-0.646,0,0,0,0,0
2026-09-22,SOXL,-1,screener,2,-8619,151.95,153.69,11.2061,-0.155,0,0,0,0,0
2026-09-22,SPY,-1,screener,1,-956523,773.38,763.99,6.7999,1.381,1,1,1,0,0
2026-09-22,SRAD,1,screener,1,304526,13.6,11.86,0.5947,-2.926,0,0,0,0,0
2026-09-22,TGB,1,screener,1,290258,9.36,8.31,0.4389,-2.392,0,0,0,0,0
2026-09-22,TSLA,1,screener,1,5656121,378.9,354.11,13.1273,-1.888,0,0,0,1,1
2026-09-22,USB,1,screener,1,641564,59.44,57.36,1.2972,-1.603,0,0,0,0,0
2026-09-22,VOO,-1,screener,1,-378051,712.78,702.35,6.1949,1.684,1,1,1,0,0
2026-09-22,WFC,-1,screener,1,-252861,83.15,80.25,2.3292,1.245,1,1,1,0,0
2026-09-22,XBI,-1,screener,1,-784676,161.87,154.51,3.8901,1.892,1,1,1,0,0
2026-09-22,XLK,1,screener,1,456971,196.27,197.81,3.0971,0.497,0,0,1,0,0
2026-09-22,XOP,-1,screener,1,-5210907,181.61,184.3,4.9017,-0.549,0,0,0,1,1
