date,ticker,dp_premium_d,dp_vs_adv,oi_call_prem_d,oi_put_prem_d,insider_buy_30d,insider_sell_30d,congress_buys_60d,congress_sells_60d,analyst_up_30d,analyst_down_30d,short_vol_ratio_5d,days_to_earnings,earnings_within_7,season_avg_month,season_win_month
2026-08-06,SPY,10395507521,0.2796,,,,,0,0,,,0.5772,,,0.0013,0.6842
2026-08-06,QQQ,7645097507,0.2633,,,,,0,1,,,0.6871,,,0.0078,0.6842
2026-08-06,AMD,5626937860,0.3754,,,0,3338580,5,2,0,0,0.5185,62,0,0.023,0.5263
2026-08-06,AAPL,5144158927,0.2842,,,0,0,6,14,1,2,0.4983,59,0,0.0362,0.7368
2026-08-06,FSLR,456213061,0.8895,,,0,2506065,1,0,1,0,0.688,59,0,0.0014,0.5263
2026-08-06,EYPT,9673560,0.4736,,,0,0,0,0,0,0,0.5056,63,0,-0.0553,0.4444
2026-08-06,ADBE,361978257,0.2787,,,0,109961,3,9,0,1,0.5983,24,0,0.0161,0.6842
2026-08-06,ALAB,652747827,0.4135,,,0,0,0,0,0,0,0.573,62,0,,
2026-08-10,ASML,642305960,0.1958,,,,,2,1,0,0,0.3906,46,0,-0.0175,0.4737
2026-08-10,QQQ,6872569799,0.2383,,,,,0,1,,,0.6467,,,0.0078,0.6842
2026-08-10,AAPL,4582674215,0.2531,,,0,0,7,16,1,3,0.4692,57,0,0.0362,0.7368
2026-08-10,QCOM,522064101,0.2456,,,0,922558,3,2,0,0,0.4186,61,0,0.0078,0.5263
2026-08-10,ARM,349500178,0.2153,,,0,0,0,0,0,1,0.5431,61,0,,
2026-08-10,NFLX,789709069,0.2373,,,0,13022213,1,5,0,1,0.4152,50,0,0.0429,0.6842
2026-08-10,ANET,439956376,0.3089,,,0,514204596,3,2,0,0,0.4111,60,0,0.0543,0.75
2026-08-10,NVDA,10318993652,0.393,,,0,0,8,4,0,0,0.3546,12,0,0.0621,0.8421
2026-08-12,SNDK,7515786965,0.345,,,0,697296,1,0,0,0,0.4119,55,0,,
2026-08-12,LITE,5265910409,1.2896,,,0,0,2,1,0,0,0.5598,58,0,0.0627,0.6364
2026-08-12,ASTS,357617384,0.3558,,,0,0,0,1,1,0,0.5824,62,0,0.1696,0.6667
2026-08-12,NFLX,570285804,0.1746,,,0,13022213,1,5,0,1,0.422,48,0,0.0429,0.6842
2026-08-12,INTC,5466764628,0.4733,,,0,0,5,7,0,0,0.3813,50,0,-0.016,0.5263
2026-08-12,NVDA,10188656360,0.3919,,,0,0,8,4,0,0,0.3388,10,0,0.0621,0.8421
2026-08-12,ORCL,2939631827,0.6468,,,0,0,2,2,0,0,0.3253,20,0,-0.0048,0.6316
2026-08-12,AMD,4062224102,0.2808,,,0,3338580,3,2,0,0,0.4533,58,0,0.023,0.5263
2026-08-14,HOOD,577622752,0.3425,,,0,6041489,3,0,0,0,0.5137,57,0,0.0659,0.8
2026-08-14,BE,1245976610,0.3456,,,0,6833700,0,1,1,0,0.4739,51,0,0.0667,0.625
2026-08-14,TSM,1179859446,0.2263,,,933009,3761,2,0,0,0,0.4005,43,0,-0.0024,0.5263
2026-08-14,MU,12876622330,0.3472,,,0,38169091,5,2,0,0,0.5181,32,0,-0.006,0.4211
2026-08-14,WULF,233331590,0.4039,,,0,0,0,0,0,0,0.3527,60,0,0.0866,0.5
2026-08-14,ARM,258559170,0.1877,,,0,0,0,0,0,0,0.5167,57,0,,
2026-08-14,CRDO,425281213,0.3801,,,0,70502339,1,1,0,0,0.3945,12,0,,
2026-08-14,PLTR,1902538101,0.2705,,,0,8094594,4,3,1,0,0.5641,55,0,0.062,0.8
2026-08-18,GLD,1245405676,0.3808,,,,,0,0,,,0.532,,,0.0223,0.6316
2026-08-18,SPY,12553728861,0.3562,,,,,0,0,,,0.6686,,,0.0013,0.6842
2026-08-18,CIFR,471922504,0.6883,,,0,0,0,0,0,0,0.4653,53,0,-0.002,0.6
2026-08-18,HOOD,544443585,0.3386,,,0,10455342,3,0,0,0,0.536,55,0,0.0659,0.8
2026-08-18,INTC,4883047208,0.4212,,,9999985,0,5,6,0,0,0.4279,46,0,-0.016,0.5263
2026-08-18,APP,925155180,0.3352,,,0,0,2,0,0,3,0.4091,55,0,0.072,0.8
2026-08-18,SLV,274705157,0.3367,,,,,0,0,,,0.4875,,,0.0209,0.5789
2026-08-18,AAOI,818398402,0.5181,,,0,1329833,0,0,0,0,0.564,56,0,,
2026-08-20,SPY,11729146920,0.3326,,,,,0,0,,,0.6061,,,0.0013,0.6842
2026-08-20,IWM,2136159373,0.3742,,,,,0,0,,,0.6596,,,-0.0032,0.5789
2026-08-20,IBIT,1316839693,0.8259,,,,,0,0,,,0.5771,,,,
2026-08-20,GLW,426858646,0.2116,,,0,0,1,1,1,0,0.4243,47,0,-0.0159,0.4737
2026-08-20,INTC,3440160064,0.3027,,,9999985,0,5,6,0,0,0.4398,44,0,-0.016,0.5263
2026-08-20,GLD,2466719291,0.6854,,,,,0,0,,,0.5599,,,0.0223,0.6316
2026-08-20,DASH,456052304,0.4877,,,0,21363790,0,4,0,0,0.4884,53,0,0.0397,0.6
2026-08-20,ARM,312099809,0.2243,,,0,0,0,0,0,0,0.5641,53,0,,
2026-08-24,QQQ,9664729924,0.3494,,,,,0,1,,,0.6249,,,0.0078,0.6842
2026-08-24,MRNA,2382069009,0.7251,,,0,28715011,0,1,0,0,0.5548,52,0,0.1354,0.4286
2026-08-24,NVDA,10702274577,0.435,,,0,0,8,3,0,0,0.3805,2,1,0.0621,0.8421
2026-08-24,WDC,1405630220,0.3364,,,0,11114025,1,0,0,0,0.4178,47,0,-0.019,0.4737
2026-08-24,PSKY,48690454,0.4341,,,0,0,0,0,0,0,0.5469,50,0,,
2026-08-24,XLI,387074279,0.3445,,,,,0,1,,,0.6462,,,-0.0038,0.6316
2026-08-24,BABA,982797614,0.6356,,,15272800,0,0,1,0,0,0.6097,65,0,0.0121,0.6364
2026-08-24,SLV,421104160,0.4437,,,,,0,0,,,0.561,,,0.0209,0.5789
2026-08-26,GLD,1410269198,0.3255,,,,,0,0,,,0.6306,,,0.0223,0.6316
2026-08-26,NVDA,11930635810,0.4759,,,0,0,8,3,0,0,0.3983,0,1,0.0621,0.8421
2026-08-26,SPY,7219882416,0.2214,,,,,0,0,,,0.5906,,,0.0013,0.6842
2026-08-26,AMD,3320198560,0.2844,,,0,41593690,4,2,1,0,0.5048,48,0,0.023,0.5263
2026-08-26,MU,7994671366,0.2624,,,0,90939603,5,2,0,0,0.4809,24,0,-0.006,0.4211
2026-08-26,SLV,305270288,0.3209,,,,,0,0,,,0.5957,,,0.0209,0.5789
2026-08-26,MSFT,2925904811,0.1777,,,0,7267174,11,15,0,0,0.4656,49,0,0.0083,0.6842
2026-08-26,SNOW,437522389,0.3004,,,0,166368943,2,1,0,0,0.4916,5,1,0.0624,0.8
2026-08-28,MSFT,6047859882,0.43,,,0,7267174,11,15,0,0,0.461,47,0,0.0083,0.6842
2026-08-28,GLD,3125325691,0.6562,,,,,0,0,,,0.5502,,,0.0223,0.6316
2026-08-28,AMZN,5672067396,0.5512,,,0,364527673,5,4,0,0,0.2881,43,0,0.0069,0.5789
2026-08-28,AMAT,983412042,0.2643,,,0,3594376,6,2,0,0,0.3764,53,0,-0.0328,0.3158
2026-08-28,TSM,1369236258,0.3222,,,439812,0,1,0,0,0,0.4608,33,0,-0.0024,0.5263
2026-08-28,MRVL,5072357231,0.9051,,,0,3575600,0,0,0,0,0.4642,65,0,-0.0137,0.4737
2026-08-28,IWM,2130537321,0.4249,,,,,0,1,,,0.6433,,,-0.0032,0.5789
2026-08-28,NVDA,19529676483,0.6984,,,0,0,8,3,0,0,0.3932,57,0,0.0621,0.8421
2026-09-01,GLD,1647877962,0.3284,,,,,0,0,,,0.454,,,-0.0002,0.4737
2026-09-01,MRVL,2018497833,0.3657,,,0,3575600,0,0,0,0,0.4676,63,0,0.0027,0.4211
2026-09-01,NN,12158674,0.2365,,,0,0,0,0,0,0,0.5451,46,0,,
2026-09-01,SPY,9816034175,0.3419,,,,,0,0,,,0.5784,,,-0.0087,0.5789
2026-09-01,XLI,709779074,0.6591,,,,,0,0,,,0.5393,,,-0.0081,0.5263
2026-09-01,IWM,2702442231,0.5405,,,,,0,1,,,0.5811,,,-0.0107,0.5263
2026-09-01,SNDK,8986081393,0.4287,,,0,697296,1,0,0,0,0.4655,41,0,,
2026-09-01,BNO,36217707,0.4896,,,,,0,0,,,0.4436,,,0.0274,0.6667
2026-09-03,DLLL,72204527,1.2613,,,,,0,0,,,0.58,,,,
2026-09-03,CRCL,1016482041,0.8053,,,0,22475706,0,0,0,0,0.4761,48,0,,
2026-09-03,IWM,1595541042,0.3152,,,,,0,1,,,0.5344,,,-0.0107,0.5263
2026-09-03,MU,11395675491,0.4411,,,0,52798820,4,0,0,0,0.3675,18,0,0.0432,0.5263
2026-09-03,SNDK,6071702569,0.3038,,,0,1612656,1,0,0,0,0.5298,39,0,,
2026-09-03,NVDA,13349788554,0.4754,,,0,417380186,6,4,0,0,0.3916,53,0,0.0129,0.6842
2026-09-03,AVGO,9922543429,1.1707,,,0,0,3,1,1,0,0.3884,68,0,0.0145,0.4706
2026-09-03,DPRO,18640438,2.1863,,,,,0,0,0,0,0.5765,48,0,3.7616,0.8
2026-09-08,SPY,9227581060,0.3279,,,,,0,0,,,0.547,,,-0.0087,0.5789
2026-09-08,EWY,744313705,0.2903,,,,,0,0,,,0.4649,,,0.0056,0.6842
2026-09-08,INTC,6958078194,0.7317,,,9999985,0,6,4,1,0,0.4058,32,0,0.0405,0.6842
2026-09-08,HOOD,1354875850,0.5898,,,0,9411421,1,0,1,0,0.5492,41,0,0.099,0.8
2026-09-08,MRVL,1996991454,0.3604,,,0,3803300,1,0,0,0,0.3887,59,0,0.0027,0.4211
2026-09-08,SKHY,1871697156,0.6187,,,,,0,0,0,0,0.5951,,,,
2026-09-08,XME,63422563,0.2911,,,,,0,0,,,0.5519,,,-0.0298,0.5263
2026-09-08,TEAM,282764787,0.3856,,,0,3751868,0,0,0,0,0.4955,37,0,-0.0263,0.3
2026-09-10,RCL,232627875,0.4739,,,0,0,1,0,0,0,0.3459,33,0,0.0187,0.6316
2026-09-10,SKHY,1590447728,0.4943,,,,,0,0,0,0,0.596,,,,
2026-09-10,QQQ,7258686706,0.328,,,,,0,0,,,0.6253,,,-0.0037,0.5789
2026-09-10,SPY,12021889540,0.4246,,,,,0,0,,,0.5827,,,-0.0087,0.5789
2026-09-10,NVDA,8966734334,0.3161,,,0,653017053,7,4,0,0,0.3833,49,0,0.0129,0.6842
2026-09-10,BE,1468984766,0.4971,,,0,13220324,4,0,0,0,0.4473,33,0,0.0586,0.5
2026-09-10,GOOG,1587316150,0.3068,,,0,27692,3,1,0,0,0.3829,39,0,-0.0083,0.5
2026-09-10,CRWD,577528516,0.2657,,,0,47931828,2,1,0,0,0.6338,57,0,-0.0068,0.7143
2026-09-14,QQQ,8448476031,0.3787,,,,,0,0,,,0.6298,,,-0.0037,0.5789
2026-09-14,TSM,1755833723,0.4312,,,450047,0,1,0,0,0,0.4658,23,0,0.0216,0.6842
2026-09-14,INTC,4180495957,0.4806,,,0,0,6,4,1,0,0.4349,28,0,0.0405,0.6842
2026-09-14,EWZ,206498894,0.2237,,,,,0,0,,,0.6295,,,-0.0041,0.5789
2026-09-14,SPY,13548700634,0.4652,,,,,0,0,,,0.5718,,,-0.0087,0.5789
2026-09-14,GOOG,2328127078,0.4327,,,0,27692,3,1,0,0,0.3791,37,0,-0.0083,0.5
2026-09-14,IWM,2387529011,0.4305,,,,,0,1,,,0.6305,,,-0.0107,0.5263
2026-09-14,CCJ,106592949,0.3962,,,,,1,0,0,0,0.512,37,0,-0.0087,0.4737
2026-09-16,INTC,5742893315,0.6621,,,0,0,6,4,1,0,0.4337,26,0,0.0405,0.6842
2026-09-16,AMD,5793549549,0.6728,,,0,96782627,3,0,1,0,0.6172,34,0,0.0029,0.4211
2026-09-16,SMH,1367043984,0.3708,,,,,0,0,,,0.5705,,,0.0128,0.5714
2026-09-16,SPCX,8306668795,0.7431,,,0,0,3,0,0,0,0.5226,34,0,,
2026-09-16,GOOGL,2558964986,0.313,,,0,27692,5,7,0,0,0.3168,35,0,0.0016,0.6842
2026-09-16,QQQ,8755202662,0.402,,,,,0,0,,,0.6293,,,-0.0037,0.5789
2026-09-16,META,5557565619,0.5067,,,0,31124989,6,2,1,0,0.4352,35,0,0.0291,0.6429
2026-09-16,ASML,708131902,0.3553,,,,,2,1,0,0,0.4437,20,0,0.0127,0.5263
2026-09-18,SPY,26923658665,0.8634,,,,,0,0,,,0.5598,,,-0.0087,0.5789
2026-09-18,XLI,524977613,0.4131,,,,,0,0,,,0.6055,,,-0.0081,0.5263
2026-09-18,EWJ,86278271,0.258,,,,,0,0,,,0.6153,,,0.006,0.6316
2026-09-18,SPCX,7195435558,0.5511,,,0,0,2,0,0,0,0.5193,32,0,,
2026-09-18,DOCN,139892578,0.4287,,,0,2816518,0,0,0,0,0.5895,33,0,0.0704,0.8
2026-09-18,SNDK,11356245052,0.6626,,,0,66148066,1,0,0,0,0.5982,29,0,,
2026-09-18,XLE,544625859,0.2791,,,,,0,0,,,0.5899,,,-0.0115,0.5789
2026-09-18,PLTR,1482032070,0.2911,,,0,92430276,3,1,0,0,0.5715,31,0,0.0568,0.8333
2026-09-22,INTC,5524472018,0.5253,,,0,0,5,4,1,0,0.5113,22,0,0.0405,0.6842
2026-09-22,DASH,409323768,0.5067,,,0,73737585,2,2,0,0,0.5537,31,0,-0.0183,0.6
2026-09-22,EWZ,345599948,0.3615,,,,,0,0,,,0.5756,,,-0.0041,0.5789
2026-09-22,XOP,251604385,0.4329,,,,,0,0,,,0.6331,,,-0.0117,0.5263
2026-09-22,SNDK,11971531129,0.6788,,,0,119420770,0,0,0,0,0.5859,27,0,,
2026-09-22,HPQ,170135834,0.2888,,,0,0,0,0,0,0,0.6763,45,0,-0.0163,0.4737
2026-09-22,NVDA,8365732472,0.2838,,,0,960812781,4,6,0,0,0.3852,41,0,0.0129,0.6842
2026-09-22,TSLA,5548118549,0.3942,,,0,938419,1,4,0,0,0.5879,26,0,0.0233,0.5
2026-08-06,AFRM,88457359,0.3403,,,0,0,0,0,0,0,0.4565,15,0,,
2026-08-06,AGNC,65069374,0.2882,,,0,55000,0,0,0,2,0.5017,51,0,,
2026-08-06,AMZN,2930435936,0.2308,,,0,346731904,4,4,0,0,0.3953,59,0,0.0069,0.5789
2026-08-06,ASTS,378714421,0.3918,,,0,0,0,1,1,0,0.5867,2,1,0.1696,0.6667
2026-08-06,AU,69334741,0.3295,,,,,0,0,0,0,0.6333,1,1,,
2026-08-06,BKV,10480175,0.4959,,,0,0,0,0,0,0,0.561,0,1,,
2026-08-06,BNO,30762422,0.282,,,,,0,0,,,0.5128,,,,
2026-08-06,CMPS,14878917,0.3135,,,0,0,0,0,1,0,0.3811,62,0,,
2026-08-06,CNR,37949048,0.8273,,,,,0,1,0,0,0.4783,0,1,,
2026-08-06,CRM,824709811,0.3713,,,0,0,3,3,0,1,0.5638,14,0,,
2026-08-06,CSX,170034291,0.2364,,,0,2283540,1,4,1,0,0.4895,53,0,,
2026-08-06,DDOG,1382052185,1.1319,,,0,99410432,4,0,0,1,0.4647,0,1,,
2026-08-06,DIS,555647888,0.4766,,,0,0,1,1,0,0,0.3151,69,0,,
2026-08-06,DRAM,984368244,0.2298,,,,,0,0,,,0.3902,,,,
2026-08-06,EWY,683809099,0.1567,,,,,0,0,,,0.5092,,,,
2026-08-06,FCX,295824010,0.33,,,0,1802012,2,0,0,0,0.3406,54,0,,
2026-08-06,GDDY,70038585,0.3767,,,0,430544,2,1,0,0,0.601,59,0,,
2026-08-06,GLD,1742101745,0.6522,,,,,0,0,,,0.5361,,,0.0223,0.6316
2026-08-06,IAG,45116534,0.5836,,,,,0,0,0,0,0.3535,0,1,,
2026-08-06,INTC,3697214507,0.3343,,,0,0,5,7,0,0,0.432,54,0,-0.016,0.5263
2026-08-06,NN,37545548,0.9978,,,0,0,0,0,0,0,0.3393,3,1,,
2026-08-06,NVDA,10650754474,0.4004,,,0,0,6,4,0,0,0.3483,14,0,0.0621,0.8421
2026-08-06,OKLO,166794795,0.4511,,,0,10447129,0,0,0,0,0.5146,1,1,,
2026-08-06,PANW,807560599,0.3865,,,0,242795,3,1,0,0,0.5593,18,0,,
2026-08-06,PDD,106670777,0.1961,,,0,0,0,0,0,0,0.579,12,0,,
2026-08-06,RARE,14682621,0.2983,,,0,164372,0,0,0,0,0.443,62,0,,
2026-08-06,RKLB,679870500,0.5275,,,0,286410196,0,0,1,0,0.5399,2,1,,
2026-08-06,SEZL,66698283,0.669,,,0,5592970,0,0,0,1,0.6714,0,1,,
2026-08-06,SKHY,1350371058,0.1891,,,,,0,0,0,0,0.4675,,,,
2026-08-06,SPCX,9832976187,0.9607,,,0,0,5,0,0,0,0.702,62,0,,
2026-08-06,TE,173207310,0.7234,,,0,0,0,0,0,0,0.4682,4,1,,
2026-08-06,TEAM,329875828,0.8008,,,0,0,1,1,0,0,0.519,0,1,,
2026-08-06,TLT,992443663,0.4539,,,,,0,0,,,0.5141,,,,
2026-08-06,TROW,88807652,0.3583,,,0,0,1,0,0,0,0.7375,60,0,,
2026-08-06,TSLA,3945699399,0.2957,,,0,0,4,3,0,0,0.455,58,0,,
2026-08-06,TSM,2087023724,0.3394,,,936692,3761,2,0,0,0,0.4304,49,0,-0.0024,0.5263
2026-08-06,TTD,307674068,0.9191,,,0,0,2,4,1,0,0.5222,0,1,,
2026-08-06,U,686295948,1.9611,,,0,0,0,0,0,0,0.4242,0,1,,
2026-08-06,UNH,792251427,0.3394,,,0,0,4,5,1,0,0.354,47,0,,
2026-08-06,VALE,166682773,0.5237,,,144,0,0,0,0,3,0.5415,59,0,,
2026-08-10,AMZN,3853740744,0.3001,,,0,346731904,4,6,0,0,0.4136,57,0,0.0069,0.5789
2026-08-10,AVGO,1994717057,0.2721,,,0,10033225,2,3,0,0,0.4232,17,0,,
2026-08-10,AXTI,572760490,0.7829,,,0,0,0,0,1,0,0.4127,57,0,,
2026-08-10,CIFR,234742440,0.3516,,,0,0,0,0,0,0,0.4458,59,0,-0.002,0.6
2026-08-10,CVX,547250070,0.3661,,,0,158405999,4,4,0,0,0.3166,58,0,,
2026-08-10,DIA,517368981,0.2455,,,,,0,0,,,0.5892,,,,
2026-08-10,ETHA,161591078,0.3738,,,,,0,0,,,0.7069,,,,
2026-08-10,FCX,313774522,0.3478,,,0,1802012,2,0,0,0,0.3388,52,0,,
2026-08-10,GDX,601871534,0.3739,,,,,0,0,,,0.5105,,,,
2026-08-10,GEO,24742236,0.5191,,,0,0,0,0,0,0,0.4357,62,0,,
2026-08-10,GLD,1684756904,0.5764,,,,,0,0,,,0.5962,,,0.0223,0.6316
2026-08-10,HIMS,180374260,0.3994,,,0,229168,0,0,0,0,0.617,0,1,,
2026-08-10,HL,577138964,0.8851,,,0,0,0,0,0,0,0.4987,61,0,,
2026-08-10,IBIT,490928779,0.3698,,,,,0,0,,,0.5456,,,,
2026-08-10,INTC,4003570398,0.3629,,,0,0,5,7,0,0,0.4138,52,0,-0.016,0.5263
2026-08-10,IREN,484824395,0.2757,,,0,0,0,0,0,0,0.4339,13,0,,
2026-08-10,JD,104083105,0.4596,,,0,0,0,0,0,0,0.4415,3,1,,
2026-08-10,LYG,11624103,0.1173,,,,,1,0,0,0,0.373,52,0,,
2026-08-10,MSTR,543603568,0.3602,,,0,886469,1,0,0,0,0.4247,57,0,,
2026-08-10,MU,11138173235,0.2804,,,0,38169091,5,2,0,0,0.5155,36,0,-0.006,0.4211
2026-08-10,NOW,913437410,0.3315,,,0,0,2,4,0,0,0.4228,61,0,,
2026-08-10,ORCL,1481015104,0.3175,,,0,0,2,2,0,0,0.3542,22,0,-0.0048,0.6316
2026-08-10,SILJ,61188430,0.6129,,,,,0,0,,,0.4571,,,,
2026-08-10,SKHY,991143828,0.148,,,,,0,0,0,0,0.4661,,,,
2026-08-10,SLB,185035693,0.2917,,,0,0,0,0,0,0,0.3792,53,0,,
2026-08-10,SLV,444816506,0.5464,,,,,0,0,,,0.5868,,,0.0209,0.5789
2026-08-10,SOXL,2283261089,0.2237,,,,,0,0,,,0.5648,,,,
2026-08-10,SPCX,9953022513,0.8249,,,0,0,5,0,1,0,0.646,60,0,,
2026-08-10,SPY,10893179659,0.2933,,,,,0,0,,,0.6651,,,0.0013,0.6842
2026-08-10,TEM,181241123,0.7309,,,0,11631049,1,0,0,0,0.4575,60,0,,
2026-08-10,TSLA,3866078816,0.2957,,,0,0,3,3,0,0,0.45,56,0,,
2026-08-10,TSM,2199425607,0.3621,,,933009,3761,2,0,0,0,0.4385,47,0,-0.0024,0.5263
2026-08-10,TTD,321788645,0.7268,,,0,0,1,4,0,6,0.5125,62,0,,
2026-08-10,USO,309435365,0.36,,,,,0,0,,,0.5445,,,,
2026-08-10,VAL,55357802,0.7442,,,0,0,0,0,0,0,0.6842,61,0,,
2026-08-10,VFC,31145002,0.224,,,492752,0,0,0,0,0,0.5949,55,0,,
2026-08-10,VSTS,18437046,0.9139,,,0,0,0,0,0,0,0.5432,1,1,,
2026-08-10,WCLD,13960957,0.4111,,,,,0,0,,,0.5277,,,,
2026-08-10,XLE,654579194,0.3799,,,,,0,1,,,0.5286,,,,
2026-08-10,ZTS,327351897,0.6173,,,0,0,3,3,0,0,0.3924,62,0,,
2026-08-12,AAOI,784636019,0.5798,,,0,1818193,0,0,0,0,0.5879,60,0,,
2026-08-12,ALL,211392194,0.4677,,,0,23757317,1,0,1,3,0.4282,59,0,,
2026-08-12,AMZN,3195971817,0.251,,,0,346731904,4,5,0,0,0.3904,55,0,0.0069,0.5789
2026-08-12,AVGO,1858554479,0.2573,,,0,10033225,2,3,0,0,0.3719,15,0,,
2026-08-12,BE,1575583155,0.4281,,,0,3083700,0,1,1,0,0.4203,53,0,0.0667,0.625
2026-08-12,CCJ,104569115,0.318,,,,,1,0,0,0,0.5269,59,0,,
2026-08-12,COHR,1305773430,0.6747,,,0,306680,1,0,0,0,0.5881,0,1,,
2026-08-12,CSGP,47897256,0.2157,,,2489837,253110,2,0,0,3,0.449,53,0,,
2026-08-12,EEM,376554342,0.2539,,,,,0,0,,,0.5929,,,,
2026-08-12,EWY,667538515,0.1723,,,,,0,0,,,0.487,,,,
2026-08-12,EWZ,234404629,0.3457,,,,,0,0,,,0.5215,,,,
2026-08-12,FPS,76763750,0.2379,,,0,0,1,0,0,0,0.4509,23,0,,
2026-08-12,FSLR,318685788,0.536,,,0,3428771,1,0,0,0,0.5483,55,0,0.0014,0.5263
2026-08-12,GLD,1506359258,0.4984,,,,,0,0,,,0.5391,,,0.0223,0.6316
2026-08-12,HTZ,107078094,1.059,,,0,0,0,0,0,0,0.4795,58,0,,
2026-08-12,INTU,360367305,0.3129,,,0,0,3,3,0,3,0.3506,9,0,,
2026-08-12,IREN,822362269,0.4542,,,0,0,0,0,0,0,0.4453,11,0,,
2026-08-12,IWM,1397227854,0.2227,,,,,0,2,,,0.7396,,,-0.0032,0.5789
2026-08-12,KWEB,353010242,0.6238,,,,,0,0,,,0.6206,,,,
2026-08-12,MSFT,4750846599,0.2717,,,0,7267174,10,15,0,0,0.5076,59,0,0.0083,0.6842
2026-08-12,NOK,410502658,0.4485,,,,,1,4,0,0,0.3296,50,0,,
2026-08-12,ONON,218804852,0.9076,,,0,0,0,0,0,1,0.4281,64,0,,
2026-08-12,PAAS,68224620,0.3916,,,,,0,0,0,0,0.4121,0,1,,
2026-08-12,PCG,131756817,0.3078,,,0,2871000,0,1,0,0,0.3635,50,0,,
2026-08-12,QQQ,7905694468,0.2752,,,,,0,1,,,0.6123,,,0.0078,0.6842
2026-08-12,S,44295800,0.3549,,,0,3364713,0,0,0,0,0.3519,11,0,,
2026-08-12,SBSW,10825121,0.2415,,,0,0,0,0,0,0,0.4335,,,,
2026-08-12,SEDG,40403238,0.2799,,,,,0,1,0,0,0.6022,59,0,,
2026-08-12,SHAK,31852317,0.2349,,,0,0,0,1,0,0,0.5525,55,0,,
2026-08-12,SKHY,1630925087,0.2862,,,,,0,0,0,0,0.4556,,,,
2026-08-12,SLV,392377995,0.4723,,,,,0,0,,,0.5658,,,0.0209,0.5789
2026-08-12,SMCI,2708821825,1.5715,,,0,0,0,0,0,0,0.4816,58,0,,
2026-08-12,SOXX,1323521426,0.2403,,,,,0,0,,,0.4538,,,,
2026-08-12,SPCX,12437740147,0.9366,,,0,0,5,0,1,0,0.593,58,0,,
2026-08-12,SPY,8194140475,0.2223,,,,,0,0,,,0.6821,,,0.0013,0.6842
2026-08-12,SQQQ,550494355,0.2292,,,,,0,0,,,0.465,,,,
2026-08-12,TQQQ,1565816737,0.3579,,,,,0,0,,,0.6149,,,,
2026-08-12,TSCO,266279891,0.6381,,,652394,0,2,3,0,0,0.7242,50,0,,
2026-08-12,TSLA,4673678123,0.3638,,,0,0,3,3,0,0,0.4549,54,0,,
2026-08-12,TTD,141957617,0.3107,,,0,0,1,4,0,6,0.4428,60,0,,
2026-08-12,XLF,354123723,0.2053,,,,,0,1,,,0.5953,,,,
2026-08-14,AAPL,2791576061,0.1672,,,0,442852,7,18,1,2,0.3716,53,0,0.0362,0.7368
2026-08-14,ABNB,232974192,0.2859,,,0,527083928,1,1,1,0,0.2946,58,0,,
2026-08-14,AMAT,2703304528,0.6709,,,0,0,5,2,0,0,0.3334,63,0,-0.0328,0.3158
2026-08-14,ANET,356378836,0.2464,,,0,544045167,3,2,0,0,0.4138,56,0,0.0543,0.75
2026-08-14,APP,706907344,0.2524,,,0,0,2,0,0,3,0.3658,57,0,0.072,0.8
2026-08-14,AVGO,4822446580,0.6688,,,0,0,2,3,0,0,0.3768,13,0,,
2026-08-14,CMG,208703059,0.3143,,,0,0,1,2,0,0,0.4587,52,0,,
2026-08-14,COIN,439314006,0.3617,,,0,5060841,2,2,0,0,0.5159,53,0,,
2026-08-14,CRWD,656431747,0.4353,,,0,61440564,3,1,0,0,0.4827,8,0,,
2026-08-14,CRWV,1708908455,0.6078,,,0,2150543866,1,1,1,0,0.4968,60,0,,
2026-08-14,CSCO,1509772006,0.577,,,0,0,1,5,0,1,0.4262,62,0,,
2026-08-14,DIA,440769855,0.2214,,,,,0,0,,,0.4921,,,,
2026-08-14,EEM,164001526,0.1179,,,,,0,0,,,0.5974,,,,
2026-08-14,HWM,224356025,0.369,,,0,0,1,1,0,0,0.4128,53,0,,
2026-08-14,IGV,407042441,0.2942,,,,,1,0,,,0.571,,,,
2026-08-14,INFQ,64763368,0.6178,,,1940509,1793691,0,0,0,0,0.5007,62,0,,
2026-08-14,IWM,1349324571,0.2279,,,,,0,2,,,0.6879,,,-0.0032,0.5789
2026-08-14,KEEL,60503710,0.4632,,,196097,0,0,0,0,0,0.368,63,0,,
2026-08-14,KLAC,514604338,0.2252,,,0,52973187,2,1,0,0,0.5136,57,0,,
2026-08-14,LITE,1918542086,0.4597,,,0,0,2,1,0,0,0.5588,56,0,0.0627,0.6364
2026-08-14,MSFT,2908780059,0.1704,,,0,7267174,10,16,0,0,0.503,57,0,0.0083,0.6842
2026-08-14,MTSI,112583927,0.2786,,,0,0,0,0,0,0,0.5811,58,0,,
2026-08-14,NVDA,7036599196,0.2789,,,0,0,8,4,0,0,0.3458,8,0,0.0621,0.8421
2026-08-14,RGTI,142277890,0.4223,,,0,0,0,0,0,0,0.5903,60,0,,
2026-08-14,ROIV,50413193,0.2676,,,0,6990000,0,0,0,0,0.5123,60,0,,
2026-08-14,SGML,19121983,0.9921,,,,,0,0,0,0,0.537,0,1,,
2026-08-14,SKHY,1484752138,0.2907,,,,,0,0,0,0,0.4591,,,,
2026-08-14,SMH,1134789193,0.1867,,,,,0,0,,,0.5275,,,,
2026-08-14,SOXL,2489225020,0.2662,,,,,0,0,,,0.5402,,,,
2026-08-14,SOXX,862094659,0.1686,,,,,0,0,,,0.4272,,,,
2026-08-14,SPCX,6702683294,0.4825,,,0,0,5,0,1,0,0.5971,56,0,,
2026-08-14,SPY,8533277626,0.2411,,,,,0,0,,,0.6694,,,0.0013,0.6842
2026-08-14,TQQQ,1399273952,0.3321,,,,,0,0,,,0.5892,,,,
2026-08-14,TSLA,7690759989,0.5898,,,0,0,3,3,0,0,0.4765,52,0,,
2026-08-14,UCO,30947744,0.2608,,,,,0,0,,,0.1996,,,,
2026-08-14,UMAC,259482203,2.3874,,,0,0,0,0,0,0,0.5353,58,0,,
2026-08-14,W,72451289,0.1807,,,0,14263864,0,0,1,0,0.5562,51,0,,
2026-08-14,XLE,455746629,0.2781,,,,,0,1,,,0.5401,,,,
2026-08-18,AMD,4633683775,0.3356,,,0,11382748,4,2,0,0,0.4828,54,0,0.023,0.5263
2026-08-18,ANET,754969742,0.5092,,,0,489813768,3,2,0,0,0.4313,54,0,0.0543,0.75
2026-08-18,AS,153136911,0.868,,,0,0,0,0,0,0,0.3022,0,1,,
2026-08-18,BTDR,108788942,0.7639,,,447000,0,0,0,1,0,0.3499,58,0,,
2026-08-18,CBRE,67605067,0.2715,,,0,767363,0,3,0,0,0.3522,46,0,,
2026-08-18,CBRS,1367553027,0.8248,,,0,10909101,0,0,0,0,0.6257,60,0,,
2026-08-18,CRH,144526193,0.3147,,,,,2,1,0,0,0.2594,55,0,,
2026-08-18,DHT,22271719,0.4133,,,0,555695,0,0,0,0,0.4896,55,0,,
2026-08-18,DRAM,1226585930,0.3451,,,,,0,0,,,0.2983,,,,
2026-08-18,DVN,270811594,0.5611,,,0,0,1,1,0,0,0.4109,55,0,,
2026-08-18,EFA,451709375,0.4217,,,,,0,0,,,0.6074,,,,
2026-08-18,ETN,375677693,0.3794,,,92162,8492509,2,0,1,0,0.4925,54,0,,
2026-08-18,GLW,835346794,0.4167,,,0,0,1,1,1,0,0.4151,49,0,-0.0159,0.4737
2026-08-18,GOOGL,2327261309,0.2189,,,0,176945,3,8,0,0,0.3549,55,0,,
2026-08-18,IBIT,362752340,0.2988,,,,,0,0,,,0.5129,,,,
2026-08-18,IREN,839099024,0.4543,,,0,0,0,0,0,0,0.5215,7,1,,
2026-08-18,IWM,1955498169,0.3345,,,,,0,0,,,0.6666,,,-0.0032,0.5789
2026-08-18,JPM,734329705,0.3197,,,0,903518,1,6,0,0,0.5021,39,0,,
2026-08-18,MARA,265581706,0.5705,,,0,574717,0,0,0,0,0.6797,54,0,,
2026-08-18,META,6410362225,0.6511,,,0,5105507,7,7,0,0,0.29,55,0,,
2026-08-18,MRVL,2122485804,0.4762,,,0,3575600,0,0,0,0,0.4738,7,1,-0.0137,0.4737
2026-08-18,MU,15307331859,0.419,,,0,38169091,5,2,0,0,0.5526,30,0,-0.006,0.4211
2026-08-18,NBIS,2511570417,0.4394,,,0,16183873,1,0,1,0,0.5418,59,0,,
2026-08-18,NVDA,8282902306,0.3262,,,0,0,8,3,0,0,0.3637,6,1,0.0621,0.8421
2026-08-18,NVS,67620676,0.2803,,,,,2,0,0,0,0.3601,49,0,,
2026-08-18,PWR,390782771,0.5016,,,0,0,1,0,1,1,0.3818,51,0,,
2026-08-18,QBTS,99431772,0.2857,,,0,52042,0,0,0,0,0.6041,56,0,,
2026-08-18,QQQ,13106199058,0.4686,,,,,0,1,,,0.6566,,,0.0078,0.6842
2026-08-18,QUBT,22376056,0.3099,,,0,0,0,0,0,0,0.5767,62,0,,
2026-08-18,SAN,422865360,1.9524,,,,,3,0,0,0,0.4381,55,0,,
2026-08-18,SIL,41082077,0.4281,,,,,0,0,,,0.5327,,,,
2026-08-18,SILJ,44808988,0.4117,,,,,0,0,,,0.4123,,,,
2026-08-18,SKHY,1528851747,0.3134,,,,,0,0,0,0,0.4579,,,,
2026-08-18,SMH,2234820924,0.3588,,,,,0,0,,,0.5575,,,,
2026-08-18,SOXX,1660497892,0.3264,,,,,0,0,,,0.4249,,,,
2026-08-18,SQQQ,689391704,0.3016,,,,,0,0,,,0.4821,,,,
2026-08-18,TMUS,250608920,0.2788,,,0,0,1,1,0,0,0.3709,50,0,,
2026-08-18,TQQQ,1811069342,0.4264,,,,,0,0,,,0.5669,,,,
2026-08-18,UAL,135519568,0.322,,,0,27024701,0,0,0,0,0.5277,45,0,,
2026-08-18,WDC,2134505402,0.5071,,,0,11124627,1,0,0,0,0.4822,51,0,-0.019,0.4737
2026-08-18,WULF,343923395,0.6023,,,99950,0,0,0,0,0,0.4,58,0,0.0866,0.5
2026-08-20,ACN,314852056,0.2833,,,0,1722885,4,5,0,0,0.4947,29,0,,
2026-08-20,AMZN,2922680624,0.2332,,,0,347714897,5,4,0,0,0.2947,49,0,0.0069,0.5789
2026-08-20,AXTI,214517964,0.2276,,,0,605705,0,0,1,0,0.3698,49,0,,
2026-08-20,BABA,1329376772,1.0234,,,0,0,0,1,0,0,0.585,0,1,0.0121,0.6364
2026-08-20,BMNR,512229609,0.8211,,,0,0,0,0,0,0,0.4227,,,,
2026-08-20,BTDR,92804698,0.5951,,,447000,0,0,0,1,0,0.3695,56,0,,
2026-08-20,C,385255531,0.3084,,,0,0,2,1,0,0,0.3501,37,0,,
2026-08-20,CE,19799430,0.2251,,,230062,0,0,1,0,0,0.5298,54,0,,
2026-08-20,CIFR,269256466,0.3962,,,0,0,0,0,0,0,0.4148,51,0,-0.002,0.6
2026-08-20,COIN,1329817482,1.0056,,,0,5060841,2,2,0,0,0.534,49,0,,
2026-08-20,DAL,215692487,0.4945,,,0,33080289,0,0,0,0,0.5644,35,0,,
2026-08-20,DCI,32005464,0.5236,,,0,0,0,0,0,0,0.5471,4,1,,
2026-08-20,DE,866293852,1.2438,,,0,0,4,2,0,0,0.4741,0,1,,
2026-08-20,DKS,366219426,1.1889,,,0,0,0,0,1,0,0.5694,3,1,,
2026-08-20,EEM,291545156,0.2047,,,,,0,0,,,0.5858,,,,
2026-08-20,ETHA,465329903,0.9318,,,,,0,0,,,0.5897,,,,
2026-08-20,FCX,427349621,0.5091,,,0,1802012,2,0,0,0,0.4167,44,0,,
2026-08-20,FXI,154508774,0.2373,,,,,0,0,,,0.6925,,,,
2026-08-20,GDX,1183443557,0.584,,,,,0,0,,,0.5007,,,,
2026-08-20,GDXJ,169107960,0.2917,,,,,0,0,,,0.6951,,,,
2026-08-20,HIVE,96020772,1.4496,,,0,543820,0,0,0,0,0.3911,60,0,,
2026-08-20,HPE,235657963,0.2693,,,0,1113199,1,0,1,0,0.3959,9,0,,
2026-08-20,KGC,104062127,0.4861,,,,,0,0,0,0,0.5126,52,0,,
2026-08-20,MRNA,6879826258,2.8098,,,0,28715011,0,1,0,0,0.5498,54,0,0.1354,0.4286
2026-08-20,MSTR,1906618752,1.0022,,,0,886469,1,1,0,0,0.3755,49,0,,
2026-08-20,NEM,443005539,0.5507,,,0,2290561,2,0,0,0,0.4729,44,0,,
2026-08-20,NRG,130533242,0.3305,,,0,0,0,1,0,0,0.3822,54,0,,
2026-08-20,OKLO,105391014,0.2586,,,0,10447129,0,0,0,0,0.4697,57,0,,
2026-08-20,PURR,170193680,1.8661,,,0,0,0,0,0,0,0.448,5,1,,
2026-08-20,QQQ,7754232097,0.2762,,,,,0,1,,,0.6058,,,0.0078,0.6842
2026-08-20,TE,45811130,0.2453,,,0,0,0,0,0,0,0.4776,60,0,,
2026-08-20,TEAM,476742889,0.6149,,,0,3573458,1,1,0,0,0.4109,49,0,,
2026-08-20,TLT,1152195514,0.3944,,,,,0,0,,,0.55,,,,
2026-08-20,TQQQ,1637997249,0.3871,,,,,0,0,,,0.5669,,,,
2026-08-20,TSLA,4929147482,0.4319,,,0,0,3,3,0,0,0.4608,48,0,,
2026-08-20,USO,242422243,0.328,,,,,0,0,,,0.5126,,,,
2026-08-20,VOO,1721300408,0.4145,,,,,0,0,,,0.5413,,,,
2026-08-20,XLP,239582091,0.2584,,,,,1,1,,,0.675,,,,
2026-08-20,XOP,209307267,0.3795,,,,,0,0,,,0.6672,,,,
2026-08-24,AG,78592510,0.3866,,,,,0,0,0,0,0.4004,51,0,,
2026-08-24,AMZN,3054030594,0.2434,,,0,347714897,5,4,0,0,0.2486,47,0,0.0069,0.5789
2026-08-24,ANNX,6977777,0.5105,,,0,0,0,0,0,0,0.4199,54,0,,
2026-08-24,AVGO,2301277758,0.2942,,,0,0,4,3,0,0,0.3084,7,1,,
2026-08-24,BE,1554753507,0.4451,,,0,16304024,4,1,1,0,0.3913,45,0,0.0667,0.625
2026-08-24,BLSH,20413952,0.4766,,,0,0,0,0,0,0,0.607,61,0,,
2026-08-24,BMNR,681461667,0.9859,,,0,0,0,0,0,0,0.4244,,,,
2026-08-24,BR,79130392,0.3348,,,0,48728,2,3,0,0,0.4864,50,0,,
2026-08-24,CF,105895657,0.3611,,,,,1,0,0,0,0.4868,51,0,,
2026-08-24,CMG,253324215,0.3645,,,0,95631,1,2,0,1,0.5015,46,0,,
2026-08-24,COIN,969392193,0.6225,,,0,5060841,2,2,0,0,0.5494,47,0,,
2026-08-24,CRCL,670691309,0.6901,,,0,15014451,0,0,1,0,0.4753,56,0,,
2026-08-24,CRM,656428098,0.2729,,,0,0,3,4,0,0,0.5332,2,1,,
2026-08-24,CVE,43492816,0.2037,,,,,0,0,0,0,0.4507,48,0,,
2026-08-24,DNN,75049377,0.9177,,,,,0,0,0,0,0.3025,52,0,,
2026-08-24,DOX,21342187,0.3051,,,,,1,0,0,0,0.5707,55,0,,
2026-08-24,EL,151262359,0.4785,,,0,0,2,1,0,0,0.2837,47,0,,
2026-08-24,EMBJ,36889785,0.3697,,,,,0,0,0,0,0.4767,50,0,,
2026-08-24,ETSY,184885982,0.6983,,,0,6477331,0,0,2,0,0.5736,51,0,,
2026-08-24,FXI,111865691,0.1727,,,,,0,0,,,0.708,,,,
2026-08-24,GLD,3960988484,0.9499,,,,,0,0,,,0.6252,,,0.0223,0.6316
2026-08-24,GM,134019820,0.2802,,,0,49011323,1,0,1,0,0.4079,40,0,,
2026-08-24,GOOGL,3512158818,0.3758,,,0,176945,5,8,0,0,0.3347,51,0,,
2026-08-24,HPQ,172960823,0.4178,,,0,1513351,1,0,0,0,0.655,2,1,,
2026-08-24,IBIT,1276797892,0.652,,,,,0,0,,,0.5967,,,,
2026-08-24,IWM,1351994685,0.2384,,,,,0,1,,,0.5842,,,-0.0032,0.5789
2026-08-24,KWEB,134163141,0.2356,,,,,0,0,,,0.5916,,,,
2026-08-24,MRK,857682932,0.5672,,,0,29977579,1,3,2,1,0.3759,47,0,,
2026-08-24,MRVL,1880529809,0.3685,,,0,3575600,0,0,0,0,0.455,3,1,-0.0137,0.4737
2026-08-24,MSTR,2065182947,0.9023,,,0,761469,1,1,0,0,0.3881,47,0,,
2026-08-24,NEM,332363120,0.3915,,,0,2290561,2,0,0,0,0.4349,42,0,,
2026-08-24,NFLX,644536207,0.2616,,,0,13022213,1,5,0,0,0.499,40,0,0.0429,0.6842
2026-08-24,NRG,246181467,0.6056,,,0,0,0,1,0,0,0.3074,52,0,,
2026-08-24,PSX,136601429,0.2209,,,0,20780334,1,1,0,0,0.543,46,0,,
2026-08-24,RBLX,119643670,0.1898,,,0,5186034,1,0,0,4,0.3409,47,0,,
2026-08-24,SBET,51318461,0.8757,,,0,0,0,0,0,0,0.4127,56,0,,
2026-08-24,SKHY,1129914167,0.2528,,,,,0,0,0,0,0.4835,,,,
2026-08-24,SLB,170693883,0.3294,,,0,0,0,0,0,0,0.5489,43,0,,
2026-08-24,SPY,7579407821,0.2177,,,,,0,0,,,0.577,,,0.0013,0.6842
2026-08-24,SQQQ,637628802,0.2924,,,,,0,0,,,0.4716,,,,
2026-08-24,STX,1276967575,0.2901,,,0,93263080,1,1,0,0,0.3453,45,0,,
2026-08-24,TEM,298985498,0.7331,,,0,26885561,1,0,0,0,0.4994,50,0,,
2026-08-24,TQQQ,1379086860,0.3353,,,,,0,0,,,0.5717,,,,
2026-08-24,TRGP,106092647,0.2853,,,0,0,1,0,0,0,0.5982,51,0,,
2026-08-24,UVIX,23166791,0.2686,,,,,0,0,,,0.5911,,,,
2026-08-24,WING,34917556,0.2016,,,0,0,1,0,0,1,0.5048,46,0,,
2026-08-24,WULF,182903520,0.3116,,,99950,0,0,0,0,0,0.4391,54,0,0.0866,0.5
2026-08-24,XLP,236973362,0.2569,,,,,1,1,,,0.6352,,,,
2026-08-24,XPO,78217954,0.3989,,,0,1009025,0,0,0,0,0.5824,47,0,,
2026-08-24,ZS,106659798,0.2818,,,0,74002,0,0,0,0,0.4509,8,0,,
2026-08-26,APLD,167074053,0.3463,,,0,2336250,0,0,0,0,0.4926,29,0,,
2026-08-26,APO,74621697,0.1516,,,0,422535,1,0,0,0,0.5107,48,0,,
2026-08-26,ARM,518102073,0.412,,,0,0,0,0,0,0,0.4859,49,0,,
2026-08-26,AVGO,3263740092,0.424,,,0,0,4,3,0,0,0.2374,5,1,,
2026-08-26,CCCC,2930896,0.3062,,,0,0,0,0,0,0,0.5139,50,0,,
2026-08-26,CPRI,17004327,0.259,,,0,0,0,0,0,1,0.4853,48,0,,
2026-08-26,CRCL,547580307,0.5108,,,0,15014451,0,0,1,0,0.4901,54,0,,
2026-08-26,DIS,190271740,0.1771,,,0,1144561,1,2,0,0,0.4737,55,0,,
2026-08-26,DRAM,277829654,0.0955,,,,,0,0,,,0.3486,,,,
2026-08-26,DUST,29656385,0.5544,,,,,0,0,,,0.4975,,,,
2026-08-26,DY,390377540,1.7071,,,0,0,0,0,0,0,0.536,0,1,,
2026-08-26,EWT,154098742,0.3471,,,,,0,0,,,0.6287,,,,
2026-08-26,FTEC,35595534,0.4399,,,,,0,0,,,0.5517,,,,
2026-08-26,GDX,736688728,0.3143,,,,,0,0,,,0.5654,,,,
2026-08-26,HL,560825002,0.8234,,,0,996273,0,0,0,0,0.4971,49,0,,
2026-08-26,IBIT,606952320,0.2923,,,,,0,0,,,0.5573,,,,
2026-08-26,IGV,236694076,0.2083,,,,,1,0,,,0.5133,,,,
2026-08-26,IONQ,202921334,0.2446,,,0,0,0,0,0,0,0.5854,49,0,,
2026-08-26,IWM,1096874891,0.2085,,,,,0,1,,,0.5522,,,-0.0032,0.5789
2026-08-26,IYW,55156070,0.4426,,,,,0,0,,,0.5382,,,,
2026-08-26,JPM,622754435,0.3001,,,0,903518,1,6,0,0,0.4525,33,0,,
2026-08-26,KSS,89563855,1.1276,,,0,758840,0,0,0,0,0.6048,0,1,,
2026-08-26,LVS,48575624,0.2289,,,0,0,0,1,0,0,0.5211,44,0,,
2026-08-26,META,8132110504,0.8039,,,0,14471186,8,7,0,0,0.3413,49,0,,
2026-08-26,MRNA,1761317625,0.463,,,0,28715011,0,1,0,0,0.5883,50,0,0.1354,0.4286
2026-08-26,OKTA,275668691,0.6917,,,0,0,0,0,2,0,0.3705,0,1,,
2026-08-26,PDD,155425415,0.2901,,,0,0,0,0,0,0,0.5085,58,0,,
2026-08-26,POWL,39464476,0.2987,,,0,1388408,0,1,0,0,0.5472,58,0,,
2026-08-26,QBTS,202729785,0.6226,,,0,0,0,0,0,0,0.6351,50,0,,
2026-08-26,QQQ,4444925339,0.1737,,,,,0,1,,,0.5481,,,0.0078,0.6842
2026-08-26,ROKU,194426912,0.5077,,,0,6077882,0,0,0,1,0.5272,45,0,,
2026-08-26,RXT,14515971,0.4572,,,0,207554,0,0,0,0,0.5936,50,0,,
2026-08-26,SAP,202529037,0.3835,,,,,2,0,0,0,0.538,39,0,,
2026-08-26,SJM,180660061,1.2185,,,0,0,2,0,0,0,0.5924,0,1,,
2026-08-26,SKHY,583798387,0.1501,,,,,0,0,0,0,0.5492,,,,
2026-08-26,SMH,699921501,0.1578,,,,,0,0,,,0.5698,,,,
2026-08-26,SOXL,1392554493,0.1727,,,,,0,0,,,0.6311,,,,
2026-08-26,TRMD,22575194,1.3495,,,0,0,0,0,0,0,0.5441,0,1,,
2026-08-26,UBER,452644430,0.3146,,,0,0,2,3,0,0,0.4654,48,0,,
2026-08-26,UNH,482888998,0.2916,,,0,660910,5,6,0,0,0.4271,33,0,,
2026-08-26,XLF,392583540,0.2401,,,,,0,1,,,0.5693,,,,
2026-08-28,AKAM,97715115,0.2363,,,0,0,3,0,1,1,0.4915,48,0,,
2026-08-28,ALK,36907528,0.3459,,,1001510,263256,1,1,0,0,0.5861,38,0,,
2026-08-28,ANF,145938136,0.5216,,,0,3300000,0,0,1,1,0.553,61,0,,
2026-08-28,ARKK,140828490,0.3519,,,,,2,0,,,0.6188,,,,
2026-08-28,ASST,128171160,1.1208,,,199386,0,0,0,0,0,0.4207,50,0,,
2026-08-28,AXTI,198902837,0.2222,,,0,605705,0,0,1,0,0.3925,43,0,,
2026-08-28,CBRS,481099684,0.286,,,0,245287581,0,0,0,0,0.5048,52,0,,
2026-08-28,CCJ,165358562,0.5913,,,,,1,0,0,0,0.5033,47,0,,
2026-08-28,CRM,3999916957,1.2225,,,0,0,3,4,0,0,0.415,66,0,,
2026-08-28,CVX,356453019,0.2293,,,0,228595179,6,5,0,0,0.2813,44,0,,
2026-08-28,DIA,583376089,0.3338,,,,,0,0,,,0.5235,,,,
2026-08-28,DRAM,526377228,0.2111,,,,,0,0,,,0.3462,,,,
2026-08-28,FCX,513363642,0.4948,,,0,8386946,2,0,0,0,0.4306,38,0,,
2026-08-28,FXI,142720817,0.2569,,,,,0,0,,,0.7068,,,,
2026-08-28,GDX,1126285625,0.4516,,,,,0,0,,,0.5123,,,,
2026-08-28,GH,123552026,0.3647,,,0,27325514,0,0,0,0,0.3944,47,0,,
2026-08-28,GPRE,23446056,0.9964,,,0,0,0,0,0,0,0.503,47,0,,
2026-08-28,IBIT,1200506839,0.5409,,,,,0,0,,,0.5709,,,,
2026-08-28,INTC,3671670903,0.3739,,,9999985,0,6,5,0,0,0.425,38,0,-0.016,0.5263
2026-08-28,IYW,31562808,0.2628,,,,,0,0,,,0.5813,,,,
2026-08-28,KWEB,104940957,0.2068,,,,,0,0,,,0.5019,,,,
2026-08-28,MAGS,95592835,0.4116,,,,,0,0,,,0.5561,,,,
2026-08-28,META,4046743927,0.4389,,,0,14471186,8,7,0,0,0.3399,47,0,,
2026-08-28,NEM,389241011,0.4143,,,0,2290561,2,0,0,0,0.4185,38,0,,
2026-08-28,PALL,25045204,1.0722,,,,,1,0,,,0.4181,,,,
2026-08-28,PCG,847008073,1.6303,,,0,0,0,1,0,0,0.3694,38,0,,
2026-08-28,PDD,186785096,0.3375,,,0,0,0,0,0,0,0.4834,56,0,,
2026-08-28,PL,55374925,0.4893,,,0,0,0,0,0,0,0.5894,4,1,,
2026-08-28,QCOM,349204154,0.2223,,,0,980452,3,2,0,0,0.4374,47,0,0.0078,0.5263
2026-08-28,QQQ,8451512230,0.3545,,,,,0,1,,,0.5184,,,0.0078,0.6842
2026-08-28,REGN,137264415,0.2418,,,0,960000,2,1,0,0,0.5469,44,0,,
2026-08-28,SOXL,2833634505,0.3767,,,,,0,0,,,0.615,,,,
2026-08-28,SPY,9809330844,0.3209,,,,,0,0,,,0.6064,,,0.0013,0.6842
2026-08-28,SQQQ,858731470,0.4527,,,,,0,0,,,0.5215,,,,
2026-09-01,AAPL,7158677447,0.5659,,,0,1332787,4,16,0,2,0.532,41,0,-0.0106,0.5263
2026-09-01,AFRM,256800418,0.6517,,,0,7286222,0,0,1,0,0.4796,46,0,,
2026-09-01,AGI,41199628,0.255,,,,,0,0,0,0,0.4244,40,0,,
2026-09-01,ALKS,18977900,0.2907,,,0,3570919,0,0,0,0,0.4728,39,0,,
2026-09-01,AMAT,1283502654,0.3516,,,0,3594376,6,2,0,0,0.3534,51,0,,
2026-09-01,AMD,3427396063,0.3526,,,0,48704851,2,1,1,0,0.5877,44,0,0.0029,0.4211
2026-09-01,ARKK,98783148,0.2553,,,,,2,0,,,0.6108,,,,
2026-09-01,ASST,137656526,0.9678,,,199386,0,0,0,0,0,0.404,48,0,,
2026-09-01,BRZE,22988156,0.2999,,,0,6096190,0,0,0,0,0.4215,4,1,,
2026-09-01,CBRS,551038785,0.33,,,0,245287581,0,0,0,0,0.5394,50,0,,
2026-09-01,COIN,674738491,0.4141,,,0,5450044,1,0,0,0,0.4946,41,0,,
2026-09-01,EEM,344284806,0.3046,,,,,0,0,,,0.5804,,,,
2026-09-01,FHN,34527225,0.296,,,0,455142,0,0,0,0,0.4567,31,0,,
2026-09-01,GDX,896787992,0.3451,,,,,0,0,,,0.4804,,,,
2026-09-01,HESM,20592821,0.3874,,,,,0,0,0,0,0.3516,43,0,,
2026-09-01,IBIT,770160399,0.3366,,,,,0,0,,,0.5382,,,,
2026-09-01,IREN,588942548,0.3213,,,0,0,0,0,0,0,0.4437,46,0,,
2026-09-01,IRM,74041833,0.3917,,,0,6922246,0,0,0,0,0.4675,45,0,,
2026-09-01,KRE,236957909,0.2795,,,,,0,0,,,0.7046,,,,
2026-09-01,LITE,1813322960,0.4254,,,0,56308886,1,0,0,0,0.3917,44,0,,
2026-09-01,LYB,54867280,0.2236,,,0,0,2,1,1,0,0.6024,42,0,,
2026-09-01,META,3712881107,0.4234,,,0,13580078,7,3,0,0,0.365,45,0,0.0291,0.6429
2026-09-01,MRNA,2165323150,0.4898,,,0,28715011,0,0,1,0,0.6404,46,0,,
2026-09-01,MU,13226712478,0.4928,,,0,52798820,4,0,0,0,0.3808,20,0,0.0432,0.5263
2026-09-01,OKLO,133520546,0.3081,,,0,11090639,0,0,0,0,0.4944,49,0,,
2026-09-01,OSCR,48204819,0.2671,,,0,23417625,0,0,0,0,0.3617,46,0,,
2026-09-01,PCG,869192452,1.3311,,,0,0,0,0,0,3,0.3873,36,0,,
2026-09-01,QQQ,8952869524,0.3972,,,,,0,0,,,0.5337,,,-0.0037,0.5789
2026-09-01,ROST,126035333,0.1903,,,0,0,0,0,0,0,0.4744,56,0,,
2026-09-01,SCCO,81003601,0.347,,,0,146330,0,0,0,0,0.6178,39,0,,
2026-09-01,SHEL,402505110,0.7748,,,,,0,0,0,0,0.5735,41,0,,
2026-09-01,SOXL,2636341614,0.373,,,,,0,0,,,0.6124,,,,
2026-09-01,TLT,916406602,0.3338,,,,,0,0,,,0.6212,,,,
2026-09-01,TQQQ,1869271312,0.5164,,,,,0,0,,,0.5203,,,,
2026-09-01,U,100970407,0.1823,,,0,4884189,0,0,2,0,0.4169,45,0,,
2026-09-01,UGL,61372904,0.3488,,,,,0,0,,,0.5693,,,,
2026-09-01,USO,537638780,0.9026,,,,,0,0,,,0.4243,,,,
2026-09-01,VRT,489132082,0.4289,,,0,0,1,0,1,0,0.465,40,0,,
2026-09-01,XLE,739071730,0.4641,,,,,0,0,,,0.6546,,,-0.0115,0.5789
2026-09-01,XLV,511735033,0.3751,,,,,1,0,,,0.6174,,,,
2026-09-03,ALMS,34306982,0.8358,,,0,394311,0,0,1,0,0.437,49,0,,
2026-09-03,AMD,3139577418,0.3684,,,0,48704851,2,1,1,0,0.5538,42,0,0.0029,0.4211
2026-09-03,ANET,342949102,0.2999,,,0,554087002,2,0,0,0,0.5546,42,0,,
2026-09-03,CBIO,8804626,2.1331,,,0,0,0,0,0,0,0.4636,44,0,,
2026-09-03,CIEN,1058911323,1.1787,,,0,7288104,2,0,1,0,0.3485,0,1,,
2026-09-03,COIN,1173110156,0.6852,,,0,7239339,1,0,0,0,0.5137,39,0,,
2026-09-03,CRDO,982655061,0.7422,,,0,28233041,0,0,0,0,0.464,65,0,,
2026-09-03,CRWD,1116717999,0.5165,,,0,61023105,1,1,0,0,0.5458,61,0,-0.0068,0.7143
2026-09-03,CVNA,154784194,0.2606,,,1544981,19473055,0,0,0,0,0.5631,38,0,,
2026-09-03,DIA,1067746294,0.6883,,,,,0,0,,,0.4616,,,,
2026-09-03,ESTC,155116096,0.5414,,,0,45819616,0,0,0,0,0.5903,54,0,,
2026-09-03,ETHA,304046240,0.4179,,,,,0,0,,,0.4554,,,,
2026-09-03,HCA,162828129,0.3223,,,0,0,3,0,0,0,0.6156,37,0,,
2026-09-03,HNGE,45829631,0.2821,,,0,3011539,0,0,0,0,0.3939,42,0,,
2026-09-03,HOOD,3047795493,1.4373,,,0,6153389,1,0,1,0,0.543,43,0,0.099,0.8
2026-09-03,HPE,1718009960,1.5568,,,0,0,1,0,1,0,0.5241,63,0,,
2026-09-03,IBIT,1316654597,0.5407,,,,,0,0,,,0.5448,,,,
2026-09-03,INTC,3280415452,0.3564,,,9999985,0,6,4,0,0,0.4039,34,0,0.0405,0.6842
2026-09-03,IOT,215673786,0.9646,,,0,42824226,0,0,0,1,0.4101,0,1,,
2026-09-03,IREN,868223062,0.4636,,,0,0,0,0,0,0,0.4194,44,0,,
2026-09-03,MDT,263020337,0.3679,,,0,0,1,3,0,0,0.396,52,0,,
2026-09-03,MRVL,1624871928,0.2948,,,0,3803300,0,0,0,0,0.4093,61,0,0.0027,0.4211
2026-09-03,MSTR,2361866971,0.7262,,,0,1090610,0,1,0,0,0.3909,39,0,,
2026-09-03,NEM,427974048,0.4109,,,0,3137047,1,0,0,0,0.3513,34,0,,
2026-09-03,PATH,610856967,0.5579,,,0,23370612,0,0,0,0,0.489,0,1,,
2026-09-03,PINS,119404910,0.5205,,,0,10309462,0,0,0,0,0.4628,42,0,,
2026-09-03,QQQ,7556107813,0.343,,,,,0,0,,,0.596,,,-0.0037,0.5789
2026-09-03,RARE,196148282,2.5945,,,0,164372,0,0,0,3,0.4198,42,0,,
2026-09-03,RKT,210036387,0.5984,,,0,0,0,0,0,0,0.5293,39,0,,
2026-09-03,SLV,327383602,0.3155,,,,,0,0,,,0.6193,,,,
2026-09-03,SOXL,2311969445,0.3419,,,,,0,0,,,0.624,,,,
2026-09-03,SPCX,8362238100,0.6189,,,0,0,3,0,1,0,0.5964,42,0,,
2026-09-03,SPY,11170930462,0.3946,,,,,0,0,,,0.5733,,,-0.0087,0.5789
2026-09-03,SQQQ,812853275,0.5242,,,,,0,0,,,0.5435,,,,
2026-09-03,TLT,556621358,0.2084,,,,,0,0,,,0.5939,,,,
2026-09-03,TQQQ,1534052226,0.4465,,,,,0,0,,,0.5747,,,,
2026-09-03,TSLA,11027494543,0.8602,,,0,0,2,0,0,0,0.6184,38,0,0.0233,0.5
2026-09-08,AKAM,184456951,0.579,,,0,0,2,0,2,1,0.5622,42,0,,
2026-09-08,AMKR,139002266,0.6239,,,0,632400,0,0,0,0,0.4981,34,0,,
2026-09-08,BMNR,319394512,0.3209,,,0,0,0,0,0,0,0.4258,,,,
2026-09-08,BNO,45854397,0.6228,,,,,0,0,,,0.407,,,0.0274,0.6667
2026-09-08,BSX,549569603,0.5716,,,100408,0,1,1,0,0,0.422,36,0,,
2026-09-08,CLSK,103682816,0.4498,,,0,622,0,0,0,0,0.4417,55,0,,
2026-09-08,COPX,137851667,0.4795,,,,,0,0,,,0.454,,,,
2026-09-08,CORZ,97906347,0.4767,,,244352,737542,0,0,0,0,0.5186,33,0,,
2026-09-08,CRM,1431676688,0.3684,,,0,1172746,1,1,0,0,0.6014,60,0,,
2026-09-08,CRWV,2429260376,0.8747,,,0,2248559251,0,0,0,0,0.583,44,0,,
2026-09-08,DIA,790594690,0.5075,,,,,0,0,,,0.4592,,,,
2026-09-08,DOW,93582510,0.3728,,,0,0,1,1,0,0,0.5617,32,0,,
2026-09-08,DRAM,804753941,0.3653,,,,,0,0,,,0.3928,,,,
2026-09-08,EEM,387829928,0.362,,,,,0,0,,,0.6257,,,,
2026-09-08,GLD,1046512247,0.2117,,,,,0,0,,,0.5375,,,-0.0002,0.4737
2026-09-08,IBIT,573585357,0.2286,,,,,0,0,,,0.5046,,,,
2026-09-08,IREN,995643343,0.5126,,,0,0,0,0,0,0,0.4188,42,0,,
2026-09-08,IWM,1349005176,0.2697,,,,,0,1,,,0.5597,,,-0.0107,0.5263
2026-09-08,KDP,90515832,0.2951,,,250247,310650,1,0,1,0,0.6717,34,0,,
2026-09-08,LITE,3800332394,0.9058,,,0,57606136,1,1,0,0,0.4039,40,0,,
2026-09-08,LLY,992535175,0.3344,,,0,15958170,1,6,0,0,0.4115,37,0,,
2026-09-08,MCD,438941531,0.3964,,,0,0,1,3,0,0,0.4047,41,0,,
2026-09-08,MTUM,92961774,0.3054,,,,,0,0,,,0.5273,,,,
2026-09-08,NOK,610513549,0.8282,,,,,1,4,0,0,0.3033,32,0,,
2026-09-08,OMC,112287084,0.578,,,0,122891,1,0,0,0,0.5895,30,0,,
2026-09-08,PCG,496483617,0.6386,,,0,0,0,0,0,4,0.3818,32,0,,
2026-09-08,PYPL,185885170,0.2553,,,0,727911,3,2,0,0,0.4453,35,0,,
2026-09-08,RMD,105923476,0.3347,,,0,1254284,1,1,0,0,0.7985,37,0,,
2026-09-08,RUN,28679942,0.4238,,,0,0,0,0,0,0,0.3079,42,0,,
2026-09-08,SOXL,2421962401,0.362,,,,,0,0,,,0.5988,,,,
2026-09-08,SOXX,1618079484,0.4343,,,,,0,0,,,0.4609,,,,
2026-09-08,STM,116199337,0.3017,,,,,1,0,0,0,0.4241,37,0,,
2026-09-08,TQQQ,1277477171,0.376,,,,,0,0,,,0.5827,,,,
2026-09-08,TSM,2382841642,0.6078,,,447112,0,1,0,0,0,0.4018,27,0,0.0216,0.6842
2026-09-08,URA,81222610,0.5304,,,,,0,0,,,0.4831,,,,
2026-09-08,USO,338376794,0.5568,,,,,0,0,,,0.4133,,,,
2026-09-08,V,668698070,0.2774,,,0,11815917,1,2,0,0,0.4186,35,0,,
2026-09-08,WULF,287494696,0.5911,,,99950,4323462,0,0,0,0,0.455,44,0,,
2026-09-08,WYNN,56373126,0.3825,,,0,0,1,0,0,0,0.6284,42,0,,
2026-09-08,XLE,557105627,0.347,,,,,0,0,,,0.6075,,,-0.0115,0.5789
2026-09-08,XLK,518473112,0.4589,,,,,0,0,,,0.548,,,,
2026-09-08,XLV,570877855,0.4386,,,,,1,0,,,0.6066,,,,
2026-09-10,AAPL,10413702631,0.7857,,,0,2245142,5,14,0,0,0.5653,35,0,-0.0106,0.5263
2026-09-10,BNO,67475180,0.8067,,,,,0,0,,,0.4241,,,0.0274,0.6667
2026-09-10,CVNA,170404567,0.3077,,,0,11813872,0,0,0,0,0.595,34,0,,
2026-09-10,DRAM,602719894,0.2796,,,,,0,0,,,0.399,,,,
2026-09-10,EQT,120967931,0.3574,,,0,9648300,2,0,0,0,0.539,28,0,,
2026-09-10,EWJ,109507177,0.3112,,,,,0,0,,,0.493,,,0.006,0.6316
2026-09-10,FRVO,42908414,0.3406,,,,,0,0,0,0,0.6309,44,0,,
2026-09-10,FSLR,222282244,0.5456,,,0,1111021,1,0,1,0,0.6275,35,0,-0.0122,0.5263
2026-09-10,GDX,609654854,0.2464,,,,,0,0,,,0.4963,,,,
2026-09-10,GLD,1582035796,0.3194,,,,,0,0,,,0.5893,,,-0.0002,0.4737
2026-09-10,GOOGL,2723837151,0.354,,,0,27692,5,8,0,0,0.3138,39,0,0.0016,0.6842
2026-09-10,GXO,35466016,0.6398,,,0,0,0,0,0,0,0.3925,38,0,,
2026-09-10,IEF,374934974,0.6239,,,,,0,1,,,0.5204,,,,
2026-09-10,IONQ,249909732,0.3205,,,0,0,0,0,0,0,0.6005,39,0,,
2026-09-10,IWM,2608788495,0.5005,,,,,0,1,,,0.617,,,-0.0107,0.5263
2026-09-10,KWEB,65362749,0.1572,,,,,0,0,,,0.534,,,,
2026-09-10,LVS,83209523,0.3842,,,0,0,0,0,0,0,0.51,34,0,,
2026-09-10,MBB,270690330,1.1387,,,,,0,0,,,0.6064,,,,
2026-09-10,MSFT,2464851635,0.2346,,,0,43388532,10,12,0,0,0.3783,39,0,,
2026-09-10,NRG,130064778,0.4406,,,0,191069,0,0,0,0,0.2601,40,0,,
2026-09-10,RDDT,428271326,0.3667,,,0,20082375,0,0,0,0,0.6806,35,0,,
2026-09-10,SCHD,504128168,0.6254,,,,,0,0,,,0.4745,,,,
2026-09-10,SLV,521976849,0.5128,,,,,0,0,,,0.5809,,,,
2026-09-10,SMH,1285827132,0.3352,,,,,0,0,,,0.5599,,,0.0128,0.5714
2026-09-10,SOXL,2244122326,0.3398,,,,,0,0,,,0.5759,,,,
2026-09-10,SOXX,1330523772,0.363,,,,,0,0,,,0.4517,,,,
2026-09-10,SQQQ,810420302,0.5232,,,,,0,0,,,0.5456,,,,
2026-09-10,T,343660238,0.4229,,,0,0,1,1,0,0,0.475,29,0,,
2026-09-10,TQQQ,1591955967,0.4692,,,,,0,0,,,0.575,,,,
2026-09-10,VRT,1113559410,0.8906,,,0,3880209,1,0,0,0,0.5258,34,0,,
2026-09-10,VSAT,41122270,0.3368,,,0,20660410,0,0,0,0,0.7108,41,0,,
2026-09-10,XLK,347727694,0.3081,,,,,0,0,,,0.4883,,,,
2026-09-14,AAL,808781177,0.9459,,,0,0,0,0,0,0,0.5304,28,0,,
2026-09-14,ABVX,46884873,0.4182,,,,,0,0,0,0,0.3814,5,1,,
2026-09-14,AMZN,3685985390,0.4412,,,0,18050539,2,4,0,0,0.3154,33,0,,
2026-09-14,AVAV,210242139,0.6566,,,0,47995,0,1,0,0,0.6086,60,0,,
2026-09-14,CMG,145777989,0.3103,,,0,95631,0,0,0,1,0.537,32,0,,
2026-09-14,CRWD,3159546745,1.3173,,,0,43195249,2,1,0,0,0.6118,55,0,-0.0068,0.7143
2026-09-14,DFTX,115255008,1.4414,,,0,721733,0,0,0,0,0.6281,38,0,,
2026-09-14,DRAM,682511025,0.3535,,,,,0,0,,,0.3746,,,,
2026-09-14,EQT,97345895,0.2839,,,0,9648300,1,0,0,0,0.5315,26,0,,
2026-09-14,ETHA,261218820,0.2898,,,,,0,0,,,0.5516,,,,
2026-09-14,EUFN,40614943,0.5779,,,,,0,0,,,0.4522,,,,
2026-09-14,EWY,893482619,0.3438,,,,,0,0,,,0.3989,,,0.0056,0.6842
2026-09-14,GLW,1094789479,0.7742,,,0,3485643,0,1,0,0,0.4489,31,0,,
2026-09-14,GOOGL,4362099613,0.5373,,,0,27692,5,8,0,0,0.2918,37,0,0.0016,0.6842
2026-09-14,HPE,841360829,0.6376,,,0,0,1,0,0,0,0.5407,57,0,,
2026-09-14,IBIT,612583327,0.2285,,,,,0,0,,,0.4683,,,,
2026-09-14,IGV,499118536,0.4526,,,,,0,0,,,0.5454,,,,
2026-09-14,INTU,508507775,0.3667,,,0,407016,2,1,0,1,0.4196,48,0,,
2026-09-14,JETS,51023177,0.5681,,,,,0,0,,,0.5079,,,,
2026-09-14,KMB,283801294,0.6533,,,0,0,1,3,0,0,0.7703,33,0,,
2026-09-14,KWEB,82633328,0.2255,,,,,0,0,,,0.5418,,,,
2026-09-14,MAGS,86889498,0.4398,,,,,0,0,,,0.5971,,,,
2026-09-14,MPC,535569355,0.5845,,,0,5987277,0,3,0,0,0.6584,36,0,,
2026-09-14,MRVL,2089443081,0.3729,,,0,3803300,1,0,0,0,0.4706,55,0,0.0027,0.4211
2026-09-14,MSCI,174087395,0.6246,,,1000160,0,1,0,0,0,0.4927,26,0,,
2026-09-14,MSFT,4413170781,0.4213,,,0,43388532,11,12,0,0,0.4031,37,0,,
2026-09-14,NRG,139587608,0.4591,,,0,191069,0,0,0,0,0.2787,38,0,,
2026-09-14,NUE,116413496,0.3306,,,0,9103124,1,0,0,0,0.5218,30,0,,
2026-09-14,NVDA,11173545565,0.3883,,,0,653017053,7,5,0,0,0.4051,47,0,0.0129,0.6842
2026-09-14,NXT,51818673,0.3004,,,0,1674951,0,0,0,0,0.4569,28,0,,
2026-09-14,PEP,415314547,0.3997,,,0,0,1,4,0,0,0.3595,18,0,,
2026-09-14,PLTR,2321908579,0.4561,,,0,89667985,3,1,0,0,0.625,35,0,0.0568,0.8333
2026-09-14,PSX,278822339,0.4022,,,0,0,0,1,0,0,0.6121,32,0,,
2026-09-14,QCOM,797458677,0.4159,,,0,594270,1,4,0,0,0.5194,37,0,,
2026-09-14,SOXL,3791312684,0.5643,,,,,0,0,,,0.5843,,,,
2026-09-14,TLT,947550224,0.3771,,,,,0,0,,,0.5588,,,,
2026-09-14,TQQQ,1493066867,0.4383,,,,,0,0,,,0.5603,,,,
2026-09-14,UBER,575107955,0.4377,,,15314016,0,2,1,0,0,0.3496,36,0,,
2026-09-14,USO,545321822,0.7707,,,,,0,0,,,0.4638,,,,
2026-09-14,XOM,759676011,0.3321,,,,,1,2,0,0,0.3952,34,0,,
2026-09-16,ABVX,80213615,0.6445,,,,,0,0,0,0,0.4147,3,1,,
2026-09-16,AXTI,314322835,0.572,,,0,605705,0,0,0,0,0.4391,31,0,,
2026-09-16,BA,1181021177,1.0207,,,0,0,2,3,0,0,0.3885,29,0,,
2026-09-16,CCI,84062486,0.3963,,,0,0,1,3,1,1,0.3027,25,0,,
2026-09-16,CCL,213355670,0.439,,,0,0,1,0,0,0,0.4704,9,0,,
2026-09-16,CIFR,525484620,0.9181,,,0,0,0,0,0,0,0.3563,33,0,,
2026-09-16,CRDO,724488152,0.5239,,,0,7651694,0,1,0,0,0.4019,57,0,,
2026-09-16,DHT,53793139,0.6936,,,0,10613602,0,0,0,0,0.5791,35,0,,
2026-09-16,DIA,1186015583,0.6864,,,,,0,0,,,0.4169,,,,
2026-09-16,DRAM,408930120,0.2418,,,,,0,0,,,0.347,,,,
2026-09-16,FPS,362937032,1.4558,,,0,0,0,0,0,0,0.4391,,,,
2026-09-16,GDX,752430819,0.3084,,,,,0,0,,,0.5063,,,,
2026-09-16,GDXJ,193728160,0.3359,,,,,0,0,,,0.5415,,,,
2026-09-16,GLD,1709822593,0.339,,,,,0,0,,,0.5946,,,-0.0002,0.4737
2026-09-16,IBIT,603069941,0.2137,,,,,0,0,,,0.4399,,,,
2026-09-16,IEF,541375563,0.8021,,,,,0,0,,,0.5901,,,,
2026-09-16,IRON,12661384,0.3285,,,0,9773336,0,0,0,0,0.4166,36,0,,
2026-09-16,IWM,2495563252,0.43,,,,,0,1,,,0.5941,,,-0.0107,0.5263
2026-09-16,JPM,1008130335,0.4466,,,0,882027,0,4,0,0,0.4935,19,0,,
2026-09-16,MCD,730516560,0.6222,,,0,0,1,4,0,0,0.4188,35,0,,
2026-09-16,MDT,235948169,0.3132,,,0,0,1,3,0,0,0.4473,44,0,,
2026-09-16,MGM,42439327,0.5104,,,0,0,1,0,0,0,0.5527,30,0,,
2026-09-16,MSTR,1154196025,0.3162,,,0,716172,0,1,0,0,0.3959,31,0,,
2026-09-16,OKLO,122863203,0.3048,,,0,10897231,0,0,0,0,0.6059,39,0,,
2026-09-16,OMC,52617563,0.2641,,,0,122891,1,0,0,0,0.6708,24,0,,
2026-09-16,OPCH,33747380,0.812,,,0,0,0,0,0,0,0.6063,31,0,,
2026-09-16,ORCL,2325245680,0.5316,,,0,0,3,1,0,0,0.3598,59,0,,
2026-09-16,SMCI,534695176,0.387,,,0,15437167,0,0,0,0,0.4626,34,0,,
2026-09-16,SPY,16449095430,0.5466,,,,,0,0,,,0.5772,,,-0.0087,0.5789
2026-09-16,TCBI,18290729,0.4047,,,0,0,0,0,0,0,0.6962,30,0,,
2026-09-16,TQQQ,2043450513,0.5993,,,,,0,0,,,0.5656,,,,
2026-09-16,TSLA,6013346915,0.426,,,0,938419,2,1,0,0,0.5839,30,0,0.0233,0.5
2026-09-18,AA,99583156,0.5209,,,0,826447,0,0,0,0,0.4441,19,0,,
2026-09-18,AAPL,4284563857,0.3049,,,0,2277103,5,14,0,0,0.4973,29,0,-0.0106,0.5263
2026-09-18,ABVX,35970562,0.2893,,,,,0,0,0,0,0.4315,1,1,,
2026-09-18,ANET,366876002,0.3623,,,0,72647894,1,0,0,0,0.484,32,0,,
2026-09-18,ARKG,125383673,0.5671,,,,,0,0,,,0.6575,,,,
2026-09-18,ASST,159022219,0.5614,,,0,0,0,0,0,0,0.4336,36,0,,
2026-09-18,ASX,75530432,0.2977,,,0,0,0,0,0,0,0.5898,29,0,,
2026-09-18,AUR,55993492,0.2989,,,0,673748012,0,0,0,0,0.5709,27,0,,
2026-09-18,BABA,521245035,0.4051,,,25691200,0,0,1,0,0,0.5163,47,0,,
2026-09-18,BKNG,394150298,0.3014,,,0,1069970,1,0,0,0,0.4698,27,0,,
2026-09-18,BMNR,568390825,0.4867,,,0,0,0,0,0,0,0.4862,,,,
2026-09-18,COIN,1810249990,0.8999,,,0,4655757,2,1,1,0,0.5904,29,0,,
2026-09-18,CRCL,630722769,0.4088,,,0,20576754,0,0,0,0,0.5534,38,0,,
2026-09-18,CRWD,1075068096,0.3847,,,0,88618319,2,1,0,0,0.6104,51,0,-0.0068,0.7143
2026-09-18,DIA,536698282,0.3069,,,,,0,0,,,0.4566,,,,
2026-09-18,ERAS,21779001,0.2804,,,0,0,0,0,0,0,0.4353,38,0,,
2026-09-18,EWY,450374851,0.2059,,,,,0,0,,,0.5081,,,0.0056,0.6842
2026-09-18,FAST,66735710,0.2193,,,0,0,0,0,0,0,0.7336,18,0,,
2026-09-18,GDS,17305962,0.4853,,,0,0,0,0,0,0,0.4904,43,0,,
2026-09-18,GOOG,2872151890,0.499,,,0,27692,3,2,0,0,0.3668,33,0,-0.0083,0.5
2026-09-18,GOOGL,4522255264,0.5203,,,0,27692,5,7,0,0,0.3821,33,0,0.0016,0.6842
2026-09-18,HYG,1321091526,0.4646,,,,,1,0,,,0.5267,,,,
2026-09-18,IBIT,1329763604,0.5133,,,,,0,0,,,0.4764,,,,
2026-09-18,IBKR,106582047,0.2884,,,2363,0,0,0,0,0,0.5443,19,0,,
2026-09-18,IGV,263261703,0.2414,,,,,0,0,,,0.6606,,,,
2026-09-18,INTC,4518210004,0.474,,,0,0,6,4,1,0,0.485,24,0,0.0405,0.6842
2026-09-18,IREN,838791188,0.4903,,,0,0,0,0,1,0,0.3606,34,0,,
2026-09-18,IWM,3243475093,0.5394,,,,,0,1,,,0.5204,,,-0.0107,0.5263
2026-09-18,LRCX,926165107,0.3712,,,0,31504440,1,1,0,0,0.4251,23,0,,
2026-09-18,MBB,341426018,1.3977,,,,,0,0,,,0.5903,,,,
2026-09-18,META,6248231352,0.5389,,,0,43162234,6,2,1,0,0.4874,33,0,0.0291,0.6429
2026-09-18,MPC,448562560,0.4031,,,0,5112277,0,2,0,0,0.6311,32,0,,
2026-09-18,MRNA,598791959,0.1855,,,0,16862280,1,1,1,1,0.6261,34,0,,
2026-09-18,MSTR,3109857974,0.8493,,,0,716172,0,1,0,0,0.4276,29,0,,
2026-09-18,MUU,310800394,0.4706,,,,,0,0,,,0.4115,,,,
2026-09-18,NEE,190529245,0.211,,,0,0,0,2,0,0,0.5397,27,0,,
2026-09-18,PCG,102426376,0.1289,,,0,89440,0,0,0,4,0.2093,24,0,,
2026-09-18,QQQ,12044378343,0.5381,,,,,0,0,,,0.6318,,,-0.0037,0.5789
2026-09-18,QUBT,28711553,0.5201,,,0,0,0,0,0,0,0.5162,40,0,,
2026-09-18,RARE,73004209,0.7442,,,0,19663,0,0,0,3,0.4735,32,0,,
2026-09-18,SHOP,294298677,0.2684,,,,,0,0,0,0,0.3217,32,0,,
2026-09-18,SMCI,690698969,0.4793,,,0,15437167,0,0,0,0,0.4615,32,0,,
2026-09-18,SMH,1230733866,0.3402,,,,,0,0,,,0.553,,,0.0128,0.5714
2026-09-18,SOXL,1825507443,0.2889,,,,,0,0,,,0.6143,,,,
2026-09-18,TEAM,221126020,0.3203,,,0,2255866,0,0,0,0,0.5779,29,0,-0.0263,0.3
2026-09-18,TLT,1258255331,0.4814,,,,,0,0,,,0.5692,,,,
2026-09-18,TSLA,7511778084,0.514,,,0,938419,2,1,0,0,0.578,28,0,0.0233,0.5
2026-09-18,TSM,1370438811,0.3304,,,450047,0,1,0,0,0,0.3943,19,0,0.0216,0.6842
2026-09-18,TXN,485663616,0.3143,,,0,1852413,1,2,0,0,0.4486,22,0,,
2026-09-18,UAL,105534925,0.2719,,,0,585000,0,0,0,0,0.4695,23,0,,
2026-09-18,XBI,493974437,0.374,,,,,2,0,,,0.5601,,,,
2026-09-18,XLK,544809055,0.4523,,,,,0,0,,,0.5028,,,,
2026-09-22,AAPL,5006437543,0.3558,,,0,1834624,5,14,0,0,0.5275,27,0,-0.0106,0.5263
2026-09-22,ABVX,116837194,0.9081,,,,,0,0,0,0,0.4201,63,0,,
2026-09-22,AMD,7425659325,0.677,,,0,71879141,3,0,1,0,0.5829,30,0,0.0029,0.4211
2026-09-22,ARM,1061443599,0.8391,,,0,2655432,0,0,0,0,0.5739,31,0,,
2026-09-22,AXTI,230139452,0.4061,,,0,0,0,0,0,0,0.5151,27,0,,
2026-09-22,BABA,652530714,0.5988,,,25691200,0,0,1,0,0,0.4844,45,0,,
2026-09-22,BAC,734380232,0.3285,,,0,0,0,0,0,0,0.383,16,0,,
2026-09-22,BKNG,853967076,0.6167,,,0,1069970,0,4,0,0,0.4031,25,0,,
2026-09-22,C,490487098,0.3793,,,0,0,0,0,0,0,0.3308,15,0,,
2026-09-22,CF,188352316,0.5191,,,,,0,0,0,0,0.4517,31,0,,
2026-09-22,CIFR,240313766,0.4163,,,0,0,0,0,0,0,0.4961,29,0,,
2026-09-22,CLDX,194793515,3.8701,,,,,0,0,0,0,0.6233,34,0,,
2026-09-22,CLF,132581287,0.8689,,,0,0,9,7,0,0,0.4748,19,0,,
2026-09-22,COP,416967527,0.4464,,,0,1282168,0,1,0,0,0.4193,32,0,,
2026-09-22,CRDO,707794671,0.4476,,,0,12227275,0,2,0,0,0.49,53,0,,
2026-09-22,CRH,134675286,0.32,,,,,2,2,0,0,0.2357,31,0,,
2026-09-22,CVNA,149791648,0.3225,,,0,9681955,1,1,0,0,0.7381,26,0,,
2026-09-22,DAL,242913851,0.45,,,0,0,0,0,0,0,0.5443,13,0,,
2026-09-22,EWG,12223108,0.2486,,,,,0,0,,,0.3394,,,,
2026-09-22,FSLY,175537284,1.2664,,,0,10584072,0,0,0,0,0.5345,31,0,,
2026-09-22,GDX,577568701,0.2694,,,,,0,0,,,0.5218,,,,
2026-09-22,GEO,34853448,0.4887,,,0,911935,0,1,0,0,0.4941,32,0,,
2026-09-22,GOOG,2699420651,0.4588,,,0,27692,1,5,0,0,0.3996,31,0,-0.0083,0.5
2026-09-22,GOOGL,4406246891,0.4927,,,0,27692,7,8,0,0,0.4155,31,0,0.0016,0.6842
2026-09-22,IBRX,96074037,1.1134,,,0,0,0,0,0,0,0.4847,30,0,,
2026-09-22,IWM,2649457553,0.4331,,,,,0,1,,,0.5644,,,-0.0107,0.5263
2026-09-22,KVYO,46181053,0.3994,,,0,3295965,0,0,0,0,0.6773,31,0,,
2026-09-22,LITE,2252431128,0.553,,,0,52243843,1,2,0,0,0.6113,30,0,,
2026-09-22,MAGS,251205912,0.9578,,,,,0,0,,,0.6987,,,,
2026-09-22,META,10732146287,0.7851,,,0,32849738,8,7,1,0,0.5056,31,0,0.0291,0.6429
2026-09-22,MSFT,4112009010,0.382,,,0,64153377,14,20,0,0,0.4368,31,0,,
2026-09-22,MTCH,60311062,0.401,,,0,976482,0,1,0,0,0.424,30,0,,
2026-09-22,MU,15987336542,0.6541,,,0,38784470,2,0,0,0,0.372,6,1,0.0432,0.5263
2026-09-22,NCLH,158069790,0.6394,,,,,0,0,0,0,0.5581,30,0,,
2026-09-22,NEM,218090590,0.2118,,,0,846486,0,2,0,0,0.3997,22,0,,
2026-09-22,NKE,420340749,0.3469,,,0,371239,5,2,0,2,0.5238,7,1,,
2026-09-22,NVDL,164723954,0.3029,,,,,0,0,,,0.5245,,,,
2026-09-22,NVO,382046607,0.6951,,,,,1,0,0,1,0.4388,31,0,,
2026-09-22,ORBS,15921412,1.1642,,,40385,0,0,0,0,0,0.5565,38,0,,
2026-09-22,ORCL,2063866937,0.4364,,,0,1522827,2,6,0,0,0.309,55,0,,
2026-09-22,PCOR,42984584,0.3046,,,0,4189493,0,1,0,0,0.6762,31,0,,
2026-09-22,PSKY,217879392,1.0405,,,0,0,0,2,0,0,0.6689,30,0,,
2026-09-22,QQQ,10017847863,0.434,,,,,0,0,,,0.6036,,,-0.0037,0.5789
2026-09-22,REMX,16682972,0.4265,,,,,0,0,,,0.5632,,,,
2026-09-22,SLV,366109370,0.3834,,,,,0,0,,,0.5575,,,,
2026-09-22,SMH,1776120043,0.4894,,,,,0,0,,,0.5492,,,0.0128,0.5714
2026-09-22,SOXL,3240479624,0.4931,,,,,0,0,,,0.5803,,,,
2026-09-22,SPY,8064937540,0.2541,,,,,0,0,,,0.5835,,,-0.0087,0.5789
2026-09-22,SRAD,38887088,1.3884,,,0,0,0,0,0,0,0.5829,31,0,,
2026-09-22,TGB,20329984,0.4372,,,,,0,0,0,0,0.5481,36,0,,
2026-09-22,USB,166173149,0.3512,,,0,1700670,0,0,0,0,0.5244,17,0,,
2026-09-22,VOO,2625976269,0.4202,,,,,0,0,,,0.3703,,,,
2026-09-22,WFC,462715192,0.3767,,,0,0,0,0,0,0,0.4967,16,0,,
2026-09-22,XBI,352942019,0.2733,,,,,2,0,,,0.6306,,,,
2026-09-22,XLK,708140576,0.5595,,,,,0,0,,,0.5957,,,,
