date,ticker,tide_pente,tide_niveau,tide_bias,spy_tide,qqq_tide,spy_gex_net,spy_gex_positive,macro_event_next_day,sector,sector_bias
2026-08-06,AAPL,-0.4640,0.3856,-0.1242,0.0677,0.3333,560325.5,1,1,Technology,0.6250
2026-08-06,ADBE,-0.4640,0.3856,-0.1242,0.0677,0.3333,560325.5,1,1,Technology,0.6250
2026-08-06,ALAB,-0.4640,0.3856,-0.1242,0.0677,0.3333,560325.5,1,1,Technology,0.6250
2026-08-06,AMD,-0.4640,0.3856,-0.1242,0.0677,0.3333,560325.5,1,1,Technology,0.6250
2026-08-06,EYPT,-0.4640,0.3856,-0.1242,0.0677,0.3333,560325.5,1,1,Healthcare,0.0804
2026-08-06,FSLR,-0.4640,0.3856,-0.1242,0.0677,0.3333,560325.5,1,1,Technology,0.6250
2026-08-06,QQQ,-0.4640,0.3856,-0.1242,0.0677,0.3333,560325.5,1,1,,
2026-08-06,SPY,-0.4640,0.3856,-0.1242,0.0677,0.3333,560325.5,1,1,,
2026-08-10,AAPL,-0.4362,-0.7750,-0.5717,-0.2977,-0.0955,1786308.6,1,0,Technology,-0.7920
2026-08-10,ANET,-0.4362,-0.7750,-0.5717,-0.2977,-0.0955,1786308.6,1,0,Technology,-0.7920
2026-08-10,ARM,-0.4362,-0.7750,-0.5717,-0.2977,-0.0955,1786308.6,1,0,Technology,-0.7920
2026-08-10,ASML,-0.4362,-0.7750,-0.5717,-0.2977,-0.0955,1786308.6,1,0,Technology,-0.7920
2026-08-10,NFLX,-0.4362,-0.7750,-0.5717,-0.2977,-0.0955,1786308.6,1,0,Communication Services,-0.1736
2026-08-10,NVDA,-0.4362,-0.7750,-0.5717,-0.2977,-0.0955,1786308.6,1,0,Technology,-0.7920
2026-08-10,QCOM,-0.4362,-0.7750,-0.5717,-0.2977,-0.0955,1786308.6,1,0,Technology,-0.7920
2026-08-10,QQQ,-0.4362,-0.7750,-0.5717,-0.2977,-0.0955,1786308.6,1,0,,
2026-08-12,AMD,-0.9704,-0.6184,-0.8296,-0.8126,-0.6069,1524617.7,1,1,Technology,-0.5881
2026-08-12,ASTS,-0.9704,-0.6184,-0.8296,-0.8126,-0.6069,1524617.7,1,1,Communication Services,0.0329
2026-08-12,INTC,-0.9704,-0.6184,-0.8296,-0.8126,-0.6069,1524617.7,1,1,Technology,-0.5881
2026-08-12,LITE,-0.9704,-0.6184,-0.8296,-0.8126,-0.6069,1524617.7,1,1,Technology,-0.5881
2026-08-12,NFLX,-0.9704,-0.6184,-0.8296,-0.8126,-0.6069,1524617.7,1,1,Communication Services,0.0329
2026-08-12,NVDA,-0.9704,-0.6184,-0.8296,-0.8126,-0.6069,1524617.7,1,1,Technology,-0.5881
2026-08-12,ORCL,-0.9704,-0.6184,-0.8296,-0.8126,-0.6069,1524617.7,1,1,Technology,-0.5881
2026-08-12,SNDK,-0.9704,-0.6184,-0.8296,-0.8126,-0.6069,1524617.7,1,1,Technology,-0.5881
2026-08-14,ARM,-0.0375,-0.1453,-0.0806,-0.4374,-0.0486,2552317.9,1,0,Technology,-0.1564
2026-08-14,BE,-0.0375,-0.1453,-0.0806,-0.4374,-0.0486,2552317.9,1,0,Industrials,-0.0813
2026-08-14,CRDO,-0.0375,-0.1453,-0.0806,-0.4374,-0.0486,2552317.9,1,0,Technology,-0.1564
2026-08-14,HOOD,-0.0375,-0.1453,-0.0806,-0.4374,-0.0486,2552317.9,1,0,Technology,-0.1564
2026-08-14,MU,-0.0375,-0.1453,-0.0806,-0.4374,-0.0486,2552317.9,1,0,Technology,-0.1564
2026-08-14,PLTR,-0.0375,-0.1453,-0.0806,-0.4374,-0.0486,2552317.9,1,0,Technology,-0.1564
2026-08-14,TSM,-0.0375,-0.1453,-0.0806,-0.4374,-0.0486,2552317.9,1,0,Technology,-0.1564
2026-08-14,WULF,-0.0375,-0.1453,-0.0806,-0.4374,-0.0486,2552317.9,1,0,Financial Services,0.0878
2026-08-18,AAOI,-0.7463,-0.9999,-0.8477,-0.6802,-0.4417,-1323704.3,0,1,Technology,-0.6172
2026-08-18,APP,-0.7463,-0.9999,-0.8477,-0.6802,-0.4417,-1323704.3,0,1,Technology,-0.6172
2026-08-18,CIFR,-0.7463,-0.9999,-0.8477,-0.6802,-0.4417,-1323704.3,0,1,Financial Services,-0.1447
2026-08-18,GLD,-0.7463,-0.9999,-0.8477,-0.6802,-0.4417,-1323704.3,0,1,,
2026-08-18,HOOD,-0.7463,-0.9999,-0.8477,-0.6802,-0.4417,-1323704.3,0,1,Technology,-0.6172
2026-08-18,INTC,-0.7463,-0.9999,-0.8477,-0.6802,-0.4417,-1323704.3,0,1,Technology,-0.6172
2026-08-18,SLV,-0.7463,-0.9999,-0.8477,-0.6802,-0.4417,-1323704.3,0,1,,
2026-08-18,SPY,-0.7463,-0.9999,-0.8477,-0.6802,-0.4417,-1323704.3,0,1,,
2026-08-20,ARM,0.9787,0.2364,0.6818,0.3727,0.3724,-1785118.6,0,0,Technology,0.4001
2026-08-20,DASH,0.9787,0.2364,0.6818,0.3727,0.3724,-1785118.6,0,0,Communication Services,-0.0616
2026-08-20,GLD,0.9787,0.2364,0.6818,0.3727,0.3724,-1785118.6,0,0,,
2026-08-20,GLW,0.9787,0.2364,0.6818,0.3727,0.3724,-1785118.6,0,0,Technology,0.4001
2026-08-20,IBIT,0.9787,0.2364,0.6818,0.3727,0.3724,-1785118.6,0,0,,
2026-08-20,INTC,0.9787,0.2364,0.6818,0.3727,0.3724,-1785118.6,0,0,Technology,0.4001
2026-08-20,IWM,0.9787,0.2364,0.6818,0.3727,0.3724,-1785118.6,0,0,,
2026-08-20,SPY,0.9787,0.2364,0.6818,0.3727,0.3724,-1785118.6,0,0,,
2026-08-24,BABA,-0.8606,-0.8963,-0.8749,-0.5975,-0.6228,-1752637.9,0,0,Consumer Cyclical,-0.1017
2026-08-24,MRNA,-0.8606,-0.8963,-0.8749,-0.5975,-0.6228,-1752637.9,0,0,Healthcare,-0.0668
2026-08-24,NVDA,-0.8606,-0.8963,-0.8749,-0.5975,-0.6228,-1752637.9,0,0,Technology,-0.7292
2026-08-24,PSKY,-0.8606,-0.8963,-0.8749,-0.5975,-0.6228,-1752637.9,0,0,Communication Services,-0.1172
2026-08-24,QQQ,-0.8606,-0.8963,-0.8749,-0.5975,-0.6228,-1752637.9,0,0,,
2026-08-24,SLV,-0.8606,-0.8963,-0.8749,-0.5975,-0.6228,-1752637.9,0,0,,
2026-08-24,WDC,-0.8606,-0.8963,-0.8749,-0.5975,-0.6228,-1752637.9,0,0,Technology,-0.7292
2026-08-24,XLI,-0.8606,-0.8963,-0.8749,-0.5975,-0.6228,-1752637.9,0,0,,
2026-08-26,AMD,0.3898,0.6450,0.4919,0.0886,0.4317,-1393804.6,0,0,Technology,0.4363
2026-08-26,GLD,0.3898,0.6450,0.4919,0.0886,0.4317,-1393804.6,0,0,,
2026-08-26,MSFT,0.3898,0.6450,0.4919,0.0886,0.4317,-1393804.6,0,0,Technology,0.4363
2026-08-26,MU,0.3898,0.6450,0.4919,0.0886,0.4317,-1393804.6,0,0,Technology,0.4363
2026-08-26,NVDA,0.3898,0.6450,0.4919,0.0886,0.4317,-1393804.6,0,0,Technology,0.4363
2026-08-26,SLV,0.3898,0.6450,0.4919,0.0886,0.4317,-1393804.6,0,0,,
2026-08-26,SNOW,0.3898,0.6450,0.4919,0.0886,0.4317,-1393804.6,0,0,Technology,0.4363
2026-08-26,SPY,0.3898,0.6450,0.4919,0.0886,0.4317,-1393804.6,0,0,,
2026-08-28,AMAT,-0.2435,-0.9927,-0.5432,-0.4185,-0.1661,-12649.7,0,0,Technology,-0.3788
2026-08-28,AMZN,-0.2435,-0.9927,-0.5432,-0.4185,-0.1661,-12649.7,0,0,Consumer Cyclical,0.0950
2026-08-28,GLD,-0.2435,-0.9927,-0.5432,-0.4185,-0.1661,-12649.7,0,0,,
2026-08-28,IWM,-0.2435,-0.9927,-0.5432,-0.4185,-0.1661,-12649.7,0,0,,
2026-08-28,MRVL,-0.2435,-0.9927,-0.5432,-0.4185,-0.1661,-12649.7,0,0,Technology,-0.3788
2026-08-28,MSFT,-0.2435,-0.9927,-0.5432,-0.4185,-0.1661,-12649.7,0,0,Technology,-0.3788
2026-08-28,NVDA,-0.2435,-0.9927,-0.5432,-0.4185,-0.1661,-12649.7,0,0,Technology,-0.3788
2026-08-28,TSM,-0.2435,-0.9927,-0.5432,-0.4185,-0.1661,-12649.7,0,0,Technology,-0.3788
2026-09-01,BNO,-0.3084,-0.9387,-0.5605,-0.2324,0.0094,-1946106.7,0,0,,
2026-09-01,GLD,-0.3084,-0.9387,-0.5605,-0.2324,0.0094,-1946106.7,0,0,,
2026-09-01,IWM,-0.3084,-0.9387,-0.5605,-0.2324,0.0094,-1946106.7,0,0,,
2026-09-01,MRVL,-0.3084,-0.9387,-0.5605,-0.2324,0.0094,-1946106.7,0,0,Technology,-0.4740
2026-09-01,NN,-0.3084,-0.9387,-0.5605,-0.2324,0.0094,-1946106.7,0,0,Communication Services,0.0764
2026-09-01,SNDK,-0.3084,-0.9387,-0.5605,-0.2324,0.0094,-1946106.7,0,0,Technology,-0.4740
2026-09-01,SPY,-0.3084,-0.9387,-0.5605,-0.2324,0.0094,-1946106.7,0,0,,
2026-09-01,XLI,-0.3084,-0.9387,-0.5605,-0.2324,0.0094,-1946106.7,0,0,,
2026-09-03,AVGO,-0.0759,0.9983,0.3538,0.3503,0.6106,-382866.1,0,1,Technology,0.7690
2026-09-03,CRCL,-0.0759,0.9983,0.3538,0.3503,0.6106,-382866.1,0,1,Financial Services,0.3021
2026-09-03,DLLL,-0.0759,0.9983,0.3538,0.3503,0.6106,-382866.1,0,1,,
2026-09-03,DPRO,-0.0759,0.9983,0.3538,0.3503,0.6106,-382866.1,0,1,Industrials,-0.0717
2026-09-03,IWM,-0.0759,0.9983,0.3538,0.3503,0.6106,-382866.1,0,1,,
2026-09-03,MU,-0.0759,0.9983,0.3538,0.3503,0.6106,-382866.1,0,1,Technology,0.7690
2026-09-03,NVDA,-0.0759,0.9983,0.3538,0.3503,0.6106,-382866.1,0,1,Technology,0.7690
2026-09-03,SNDK,-0.0759,0.9983,0.3538,0.3503,0.6106,-382866.1,0,1,Technology,0.7690
2026-09-08,EWY,-0.9833,-0.7448,-0.8879,-0.8643,-0.7742,-1217502.2,0,0,,
2026-09-08,HOOD,-0.9833,-0.7448,-0.8879,-0.8643,-0.7742,-1217502.2,0,0,Technology,-0.8348
2026-09-08,INTC,-0.9833,-0.7448,-0.8879,-0.8643,-0.7742,-1217502.2,0,0,Technology,-0.8348
2026-09-08,MRVL,-0.9833,-0.7448,-0.8879,-0.8643,-0.7742,-1217502.2,0,0,Technology,-0.8348
2026-09-08,SKHY,-0.9833,-0.7448,-0.8879,-0.8643,-0.7742,-1217502.2,0,0,Technology,-0.8348
2026-09-08,SPY,-0.9833,-0.7448,-0.8879,-0.8643,-0.7742,-1217502.2,0,0,,
2026-09-08,TEAM,-0.9833,-0.7448,-0.8879,-0.8643,-0.7742,-1217502.2,0,0,Technology,-0.8348
2026-09-08,XME,-0.9833,-0.7448,-0.8879,-0.8643,-0.7742,-1217502.2,0,0,,
2026-09-10,BE,-0.4703,-0.3556,-0.4244,0.3489,0.2751,-2745690.4,0,1,Industrials,-0.1681
2026-09-10,CRWD,-0.4703,-0.3556,-0.4244,0.3489,0.2751,-2745690.4,0,1,Technology,-0.2038
2026-09-10,GOOG,-0.4703,-0.3556,-0.4244,0.3489,0.2751,-2745690.4,0,1,Communication Services,0.0050
2026-09-10,NVDA,-0.4703,-0.3556,-0.4244,0.3489,0.2751,-2745690.4,0,1,Technology,-0.2038
2026-09-10,QQQ,-0.4703,-0.3556,-0.4244,0.3489,0.2751,-2745690.4,0,1,,
2026-09-10,RCL,-0.4703,-0.3556,-0.4244,0.3489,0.2751,-2745690.4,0,1,Consumer Cyclical,-0.4199
2026-09-10,SKHY,-0.4703,-0.3556,-0.4244,0.3489,0.2751,-2745690.4,0,1,Technology,-0.2038
2026-09-10,SPY,-0.4703,-0.3556,-0.4244,0.3489,0.2751,-2745690.4,0,1,,
2026-09-14,CCJ,-0.6470,-0.4540,-0.5698,0.2954,0.0493,-3075260.7,0,0,Energy,-0.3024
2026-09-14,EWZ,-0.6470,-0.4540,-0.5698,0.2954,0.0493,-3075260.7,0,0,,
2026-09-14,GOOG,-0.6470,-0.4540,-0.5698,0.2954,0.0493,-3075260.7,0,0,Communication Services,0.2329
2026-09-14,INTC,-0.6470,-0.4540,-0.5698,0.2954,0.0493,-3075260.7,0,0,Technology,-0.5303
2026-09-14,IWM,-0.6470,-0.4540,-0.5698,0.2954,0.0493,-3075260.7,0,0,,
2026-09-14,QQQ,-0.6470,-0.4540,-0.5698,0.2954,0.0493,-3075260.7,0,0,,
2026-09-14,SPY,-0.6470,-0.4540,-0.5698,0.2954,0.0493,-3075260.7,0,0,,
2026-09-14,TSM,-0.6470,-0.4540,-0.5698,0.2954,0.0493,-3075260.7,0,0,Technology,-0.5303
2026-09-16,AMD,-0.9305,-0.5931,-0.7955,-0.3633,-0.0254,-2275928.4,0,0,Technology,-0.3452
2026-09-16,ASML,-0.9305,-0.5931,-0.7955,-0.3633,-0.0254,-2275928.4,0,0,Technology,-0.3452
2026-09-16,GOOGL,-0.9305,-0.5931,-0.7955,-0.3633,-0.0254,-2275928.4,0,0,Communication Services,-0.2372
2026-09-16,INTC,-0.9305,-0.5931,-0.7955,-0.3633,-0.0254,-2275928.4,0,0,Technology,-0.3452
2026-09-16,META,-0.9305,-0.5931,-0.7955,-0.3633,-0.0254,-2275928.4,0,0,Communication Services,-0.2372
2026-09-16,QQQ,-0.9305,-0.5931,-0.7955,-0.3633,-0.0254,-2275928.4,0,0,,
2026-09-16,SMH,-0.9305,-0.5931,-0.7955,-0.3633,-0.0254,-2275928.4,0,0,,
2026-09-16,SPCX,-0.9305,-0.5931,-0.7955,-0.3633,-0.0254,-2275928.4,0,0,Industrials,-0.1999
2026-09-18,DOCN,0.9463,0.3314,0.7003,0.6829,0.8325,-2181754.2,0,0,Technology,0.9476
2026-09-18,EWJ,0.9463,0.3314,0.7003,0.6829,0.8325,-2181754.2,0,0,,
2026-09-18,PLTR,0.9463,0.3314,0.7003,0.6829,0.8325,-2181754.2,0,0,Technology,0.9476
2026-09-18,SNDK,0.9463,0.3314,0.7003,0.6829,0.8325,-2181754.2,0,0,Technology,0.9476
2026-09-18,SPCX,0.9463,0.3314,0.7003,0.6829,0.8325,-2181754.2,0,0,Industrials,-0.2126
2026-09-18,SPY,0.9463,0.3314,0.7003,0.6829,0.8325,-2181754.2,0,0,,
2026-09-18,XLE,0.9463,0.3314,0.7003,0.6829,0.8325,-2181754.2,0,0,,
2026-09-18,XLI,0.9463,0.3314,0.7003,0.6829,0.8325,-2181754.2,0,0,,
2026-09-22,DASH,0.9258,0.9783,0.9468,0.8247,0.9367,876999.3,1,0,Communication Services,-0.3610
2026-09-22,EWZ,0.9258,0.9783,0.9468,0.8247,0.9367,876999.3,1,0,,
2026-09-22,HPQ,0.9258,0.9783,0.9468,0.8247,0.9367,876999.3,1,0,Technology,0.8657
2026-09-22,INTC,0.9258,0.9783,0.9468,0.8247,0.9367,876999.3,1,0,Technology,0.8657
2026-09-22,NVDA,0.9258,0.9783,0.9468,0.8247,0.9367,876999.3,1,0,Technology,0.8657
2026-09-22,SNDK,0.9258,0.9783,0.9468,0.8247,0.9367,876999.3,1,0,Technology,0.8657
2026-09-22,TSLA,0.9258,0.9783,0.9468,0.8247,0.9367,876999.3,1,0,Consumer Cyclical,0.1679
2026-09-22,XOP,0.9258,0.9783,0.9468,0.8247,0.9367,876999.3,1,0,,
