date,ticker,direction,net_premium,close_t,close_t7,atr14,move_atr,win_1atr,win_05atr,dir_hit
2026-08-06,SPY,-1,6789581,768.56,772.67,9.2639,-0.444,0,0,0
2026-08-06,QQQ,1,5250929,714.65,729.87,15.0438,1.012,1,1,1
2026-08-06,AMD,-1,2329565,489.28,506.0,40.1989,-0.416,0,0,0
2026-08-06,AAPL,-1,2175050,312.41,305.59,9.7799,0.697,0,1,1
2026-08-06,FSLR,1,2087679,244.14,217.85,12.2717,-2.142,0,0,0
2026-08-06,EYPT,-1,1984325,12.83,4.87,0.8373,9.507,1,1,1
2026-08-06,ADBE,1,1770408,260.24,254.04,13.0025,-0.477,0,0,0
2026-08-06,ALAB,-1,1666327,331.5,320.17,35.2332,0.322,0,0,1
2026-08-10,ASML,1,15902005,1733.48,1751.73,76.7118,0.238,0,0,1
2026-08-10,QQQ,-1,2818800,720.87,716.08,14.2481,0.336,0,0,1
2026-08-10,AAPL,-1,2519427,308.26,316.83,9.4478,-0.907,0,0,0
2026-08-10,QCOM,-1,2354105,162.17,161.91,7.8204,0.033,0,0,1
2026-08-10,ARM,-1,2320955,267.85,249.34,23.5091,0.787,0,1,1
2026-08-10,NFLX,-1,1943003,76.29,80.22,2.2146,-1.775,0,0,0
2026-08-10,ANET,-1,1551373,191.52,186.45,11.0688,0.458,0,0,1
2026-08-10,NVDA,-1,1316775,217.55,217.56,7.973,-0.001,0,0,0
2026-08-12,SNDK,1,13270016,1344.29,1596.08,164.0322,1.535,1,1,1
2026-08-12,LITE,-1,11627480,932.47,866.71,89.2114,0.737,0,1,1
2026-08-12,ASTS,-1,8732092,74.31,68.65,5.4706,1.035,1,1,1
2026-08-12,NFLX,1,6844960,74.21,79.59,2.1953,2.451,1,1,1
2026-08-12,INTC,1,5851083,100.95,90.07,7.2882,-1.493,0,0,0
2026-08-12,NVDA,1,3942295,224.09,214.72,7.8344,-1.196,0,0,0
2026-08-12,ORCL,1,3683313,153.28,146.47,7.5836,-0.898,0,0,0
2026-08-12,AMD,-1,2745000,482.93,473.25,35.1661,0.275,0,0,1
2026-08-14,HOOD,1,8417502,95.56,112.09,4.7745,3.462,1,1,1
2026-08-14,BE,-1,6173717,229.94,217.45,26.3786,0.473,0,0,1
2026-08-14,TSM,-1,5445420,426.35,417.41,14.0584,0.636,0,1,1
2026-08-14,MU,-1,5440052,971.66,932.97,75.0478,0.516,0,1,1
2026-08-14,WULF,1,5387196,17.38,16.32,1.6456,-0.644,0,0,0
2026-08-14,ARM,1,5360331,279.44,241.56,22.5208,-1.682,0,0,0
2026-08-14,CRDO,-1,4518598,259.9,226.51,21.5905,1.547,1,1,1
2026-08-14,PLTR,-1,4207086,174.04,172.73,9.6011,0.136,0,0,1
2026-08-18,GLD,-1,5886949,398.55,422.6,6.9941,-3.439,0,0,0
2026-08-18,SPY,-1,5099035,767.45,771.1,7.2854,-0.501,0,0,0
2026-08-18,CIFR,-1,3290948,16.095,16.77,2.5011,-0.27,0,0,0
2026-08-18,HOOD,1,2859123,91.53,109.76,4.4727,4.076,1,1,1
2026-08-18,INTC,-1,2536985,96.685,92.09,6.6468,0.691,0,1,1
2026-08-18,APP,-1,2200363,307.26,312.63,21.8338,-0.246,0,0,0
2026-08-18,SLV,-1,2100081,57.44,62.77,1.75,-3.046,0,0,0
2026-08-18,AAOI,-1,2064000,131.41,113.28,17.716,1.023,1,1,1
2026-08-20,SPY,-1,13124246,762.6,767.05,6.4164,-0.694,0,0,0
2026-08-20,IWM,-1,4558392,297.67,293.93,3.3936,1.102,1,1,1
2026-08-20,IBIT,-1,4314481,41.2,44.67,0.9311,-3.727,0,0,0
2026-08-20,GLW,-1,4222455,151.45,148.73,10.7708,0.253,0,0,1
2026-08-20,INTC,-1,3755420,92.13,89.51,5.9239,0.442,0,0,1
2026-08-20,GLD,1,2919226,415.26,408.42,7.4909,-0.913,0,0,0
2026-08-20,DASH,-1,2734210,222.36,231.74,8.0332,-1.168,0,0,0
2026-08-20,ARM,-1,2622150,250.72,241.91,19.7197,0.447,0,0,1
2026-08-24,QQQ,1,8843388,706.32,709.24,8.6903,0.336,0,0,1
2026-08-24,MRNA,1,8081578,138.89,150.81,16.9837,0.702,0,1,1
2026-08-24,NVDA,1,5676284,208.48,224.41,5.8877,2.706,1,1,1
2026-08-24,WDC,1,3613888,435.38,448.9,40.1656,0.337,0,0,1
2026-08-24,PSKY,1,2954820,10.35,10.97,0.4246,1.46,1,1,1
2026-08-24,XLI,-1,2215000,179.0,172.78,2.1107,2.947,1,1,1
2026-08-24,BABA,-1,2038355,118.47,111.81,4.355,1.529,1,1,1
2026-08-24,SLV,-1,1968195,62.2,59.07,1.8014,1.738,1,1,1
2026-08-26,GLD,1,11170493,421.32,406.77,7.3971,-1.967,0,0,0
2026-08-26,NVDA,1,6171610,209.66,230.36,5.4384,3.806,1,1,1
2026-08-26,SPY,-1,5234565,766.08,770.19,4.7771,-0.86,0,0,0
2026-08-26,AMD,1,3919375,480.93,477.57,19.8688,-0.169,0,0,0
2026-08-26,MU,1,2821415,938.4,1016.59,51.1839,1.528,1,1,1
2026-08-26,SLV,1,2528000,61.59,59.82,1.7307,-1.023,0,0,0
2026-08-26,MSFT,-1,1479800,496.37,499.7,9.1178,-0.365,0,0,0
2026-08-26,SNOW,1,1404360,315.37,337.18,12.052,1.81,1,1,1
2026-08-28,MSFT,1,13547327,513.53,491.65,9.7694,-2.24,0,0,0
2026-08-28,GLD,-1,6744112,408.89,403.35,7.6679,0.722,0,1,1
2026-08-28,AMZN,1,4840529,266.43,252.4,5.8058,-2.417,0,0,0
2026-08-28,AMAT,-1,3533115,461.67,468.85,23.0975,-0.311,0,0,0
2026-08-28,TSM,-1,3446405,417.52,435.36,10.4596,-1.706,0,0,0
2026-08-28,MRVL,1,3029555,216.62,235.01,16.5271,1.113,1,1,1
2026-08-28,IWM,1,2811408,295.75,290.64,2.759,-1.852,0,0,0
2026-08-28,NVDA,1,2721733,217.55,223.67,6.8757,0.89,0,1,1
2026-09-01,GLD,-1,5507354,396.75,398.77,8.055,-0.251,0,0,0
2026-09-01,MRVL,1,5035789,210.39,236.1,16.4504,1.563,1,1,1
2026-09-01,NN,1,4275000,15.22,15.18,1.0973,-0.036,0,0,0
2026-09-01,SPY,-1,4189325,761.78,764.29,5.2727,-0.476,0,0,0
2026-09-01,XLI,1,3440000,172.73,172.37,2.3011,-0.156,0,0,0
2026-09-01,IWM,-1,2623222,290.57,288.89,2.9429,0.571,0,1,1
2026-09-01,SNDK,-1,2416000,1536.87,1633.35,127.3858,-0.757,0,0,0
2026-09-01,BNO,1,2100313,55.56,61.37,1.4618,3.975,1,1,1
2026-09-03,DLLL,-1,5000000,30.86,33.74,3.2891,-0.876,0,0,0
2026-09-03,CRCL,1,4377184,103.23,86.3,7.4247,-2.28,0,0,0
2026-09-03,IWM,1,3543160,295.19,285.14,3.0679,-3.276,0,0,0
2026-09-03,MU,1,3129358,958.16,927.6,47.0256,-0.65,0,0,0
2026-09-03,SNDK,1,2314982,1554.99,1530.895,109.96,-0.219,0,0,0
2026-09-03,NVDA,1,1851867,228.45,212.17,7.3871,-2.204,0,0,0
2026-09-03,AVGO,-1,1833418,357.16,339.27,11.6591,1.534,1,1,1
2026-09-03,DPRO,-1,1700800,6.43,5.35,0.3641,2.966,1,1,1
2026-09-08,SPY,-1,11309940,765.96,762.6,5.453,0.616,0,1,1
2026-09-08,EWY,1,5525544,189.91,182.39,5.0193,-1.498,0,0,0
2026-09-08,INTC,1,4337984,104.47,108.8,4.3966,0.985,0,1,1
2026-09-08,HOOD,1,4290610,117.34,109.81,7.6203,-0.988,0,0,0
2026-09-08,MRVL,1,3796674,225.41,240.76,15.0684,1.019,1,1,1
2026-09-08,SKHY,1,3421440,185.55,182.99,7.7482,-0.33,0,0,0
2026-09-08,XME,1,2800000,119.95,111.32,3.7313,-2.313,0,0,0
2026-09-08,TEAM,-1,2714930,176.42,192.53,9.8994,-1.627,0,0,0
2026-09-10,RCL,1,34233750,259.01,250.25,7.027,-1.247,0,0,0
2026-09-10,SKHY,1,3965784,188.3,188.86,8.2743,0.068,0,0,1
2026-09-10,QQQ,1,3484461,708.69,741.47,7.6178,4.303,1,1,1
2026-09-10,SPY,1,3482974,757.83,773.5,5.363,2.922,1,1,1
2026-09-10,NVDA,1,3473136,218.36,227.38,7.7207,1.168,1,1,1
2026-09-10,BE,-1,2117167,258.49,272.89,16.4783,-0.874,0,0,0
2026-09-10,GOOG,1,1812161,330.39,350.87,6.701,3.056,1,1,1
2026-09-10,CRWD,1,1800161,208.86,249.35,13.1606,3.077,1,1,1
2026-09-14,QQQ,-1,9815423,709.18,741.21,7.8939,-4.058,0,0,0
2026-09-14,TSM,1,6501588,418.01,446.57,10.1292,2.82,1,1,1
2026-09-14,INTC,-1,6333700,97.19,122.6,4.8301,-5.261,0,0,0
2026-09-14,EWZ,-1,4961414,37.72,37.37,0.8986,0.39,0,0,1
2026-09-14,SPY,1,4430000,760.88,767.81,5.793,1.196,1,1,1
2026-09-14,GOOG,1,2658069,345.71,334.98,7.1739,-1.496,0,0,0
2026-09-14,IWM,1,2351903,287.91,281.92,3.0618,-1.956,0,0,0
2026-09-14,CCJ,1,2316600,93.26,90.8,3.8536,-0.638,0,0,0
2026-09-16,INTC,-1,5216619,101.05,123.0,5.2351,-4.193,0,0,0
2026-09-16,AMD,-1,4610274,512.5,630.63,20.1505,-5.862,0,0,0
2026-09-16,SMH,1,3662520,545.56,606.56,14.5754,4.185,1,1,1
2026-09-16,SPCX,-1,3612798,150.88,148.68,6.6065,0.333,0,0,1
2026-09-16,GOOGL,1,2556672,342.87,343.92,7.7081,0.136,0,0,1
2026-09-16,QQQ,-1,2258063,704.72,744.5,8.2514,-4.821,0,0,0
2026-09-16,META,-1,2040000,673.31,751.66,21.3212,-3.675,0,0,0
2026-09-16,ASML,-1,2031150,1602.22,1743.94,54.006,-2.624,0,0,0
2026-09-18,SPY,-1,17896791,761.69,764.2,6.5453,-0.383,0,0,0
2026-09-18,XLI,1,11722500,169.75,169.13,2.4336,-0.255,0,0,0
2026-09-18,EWJ,1,10950000,97.0,96.51,1.3692,-0.358,0,0,0
2026-09-18,SPCX,-1,5196116,152.71,149.24,6.8783,0.504,0,1,1
2026-09-18,DOCN,-1,5104000,130.14,135.01,8.8304,-0.552,0,0,0
2026-09-18,SNDK,-1,4340929,1791.82,1729.76,102.8333,0.604,0,1,1
2026-09-18,XLE,1,4050598,64.31,61.54,1.3295,-2.084,0,0,0
2026-09-18,PLTR,-1,3974650,177.64,186.97,7.1113,-1.312,0,0,0
2026-09-22,INTC,1,8876929,123.86,120.0,6.5581,-0.589,0,0,0
2026-09-22,DASH,-1,8254490,192.21,182.175,7.3109,1.373,1,1,1
2026-09-22,EWZ,1,8200000,38.26,37.14,0.89,-1.258,0,0,0
2026-09-22,XOP,-1,5175000,181.61,184.3,4.9017,-0.549,0,0,0
2026-09-22,SNDK,-1,4194770,1887.04,1787.69,105.0008,0.946,0,1,1
2026-09-22,HPQ,-1,3888000,32.04,32.15,1.7382,-0.063,0,0,0
2026-09-22,NVDA,1,3834215,228.87,230.86,5.9118,0.337,0,0,1
2026-09-22,TSLA,1,3778494,378.9,354.11,13.1273,-1.888,0,0,0
